State,County,Land Area
Alabama,Autauga,604.45
Alabama,Baldwin,2026.93
Alabama,Barbour,904.52
Alabama,Bibb,626.16
Alabama,Blount,650.6
Alabama,Bullock,626.06
Alabama,Butler,777.92
Alabama,Calhoun,612.32
Alabama,Chambers,603.11
Alabama,Cherokee,599.95
Alabama,Chilton,700.76
Alabama,Choctaw,920.85
Alabama,Clarke,1252.51
Alabama,Clay,606
Alabama,Cleburne,561.02
Alabama,Coffee,680.48
Alabama,Colbert,623.61
Alabama,Conecuh,852.51
Alabama,Coosa,666.36
Alabama,Covington,1043.86
Alabama,Crenshaw,610.88
Alabama,Cullman,754.82
Alabama,Dale,562.67
Alabama,Dallas,993.37
Alabama,DeKalb,778.65
Alabama,Elmore,657.21
Alabama,Escambia,952.95
Alabama,Etowah,548.75
Alabama,Fayette,629.34
Alabama,Franklin,646.51
Alabama,Geneva,578.9
Alabama,Greene,659.93
Alabama,Hale,656.47
Alabama,Henry,568.33
Alabama,Houston,581.65
Alabama,Jackson,1126.77
Alabama,Jefferson,1123.8
Alabama,Lamar,605.47
Alabama,Lauderdale,718.78
Alabama,Lawrence,718.07
Alabama,Lee,615.55
Alabama,Limestone,607.08
Alabama,Lowndes,725.03
Alabama,Macon,613.24
Alabama,Madison,812.85
Alabama,Marengo,982.85
Alabama,Marion,743.57
Alabama,Marshall,623.16
Alabama,Mobile,1644.02
Alabama,Monroe,1034.53
Alabama,Montgomery,799.76
Alabama,Morgan,599.06
Alabama,Perry,724.08
Alabama,Pickens,890.05
Alabama,Pike,672.1
Alabama,Randolph,584.11
Alabama,Russell,647.38
Alabama,Shelby,809.53
Alabama,St. Clair,653.61
Alabama,Sumter,913.3
Alabama,Talladega,760.25
Alabama,Tallapoosa,766.23
Alabama,Tuscaloosa,1351.23
Alabama,Walker,805.3
Alabama,Washington,1088.54
Alabama,Wilcox,907.46
Alabama,Winston,631.86
Alaska,Aleutians East,15011.6
Alaska,Aleutians West,14116.51
Alaska,Anchorage,1961.09
Alaska,Bethel,45508.46
Alaska,Bristol Bay,887.68
Alaska,Denali,12774.53
Alaska,Dillingham,20928.41
Alaska,Fairbanks North Star,7444.02
Alaska,Haines,2725.82
Alaska,Hoonah-Angoon,11376.73
Alaska,Juneau,3255.01
Alaska,Kenai Peninsula,24754.6
Alaska,Ketchikan Gateway,1753.98
Alaska,Kodiak Island,12023.67
Alaska,Lake and Peninsula,30906.96
Alaska,Matanuska-Susitna,25259.79
Alaska,Nome,28283.33
Alaska,North Slope,94762.64
Alaska,Northwest Arctic,40762
Alaska,Petersburg,9021.21
Alaska,Prince of Wales-Hyder,12706.3
Alaska,Sitka,4811.53
Alaska,Skagway,0
Alaska,Southeast Fairbanks,25061.19
Alaska,Valdez-Cordova,40199.15
Alaska,Wade Hampton,19669.24
Alaska,Wrangell,0
Alaska,Yakutat,9459.28
Alaska,Yukon-Koyukuk,147842.51
Arizona,Apache,11218.42
Arizona,Cochise,6218.77
Arizona,Coconino,18661.21
Arizona,Gila,4795.74
Arizona,Graham,4641.14
Arizona,Greenlee,1848.42
Arizona,La Paz,4513.36
Arizona,Maricopa,9224.27
Arizona,Mohave,13469.71
Arizona,Navajo,9959.49
Arizona,Pima,9188.83
Arizona,Pinal,5374.09
Arizona,Santa Cruz,1238.11
Arizona,Yavapai,8127.78
Arizona,Yuma,5518.96
Arkansas,Arkansas,1033.79
Arkansas,Ashley,939.08
Arkansas,Baxter,586.74
Arkansas,Benton,880.24
Arkansas,Boone,601.82
Arkansas,Bradley,654.38
Arkansas,Calhoun,632.54
Arkansas,Carroll,638.81
Arkansas,Chicot,690.88
Arkansas,Clark,882.6
Arkansas,Clay,641.42
Arkansas,Cleburne,591.91
Arkansas,Cleveland,598.8
Arkansas,Columbia,766.86
Arkansas,Conway,566.66
Arkansas,Craighead,712.98
Arkansas,Crawford,604.2
Arkansas,Crittenden,636.69
Arkansas,Cross,622.33
Arkansas,Dallas,668.16
Arkansas,Desha,819.52
Arkansas,Drew,835.65
Arkansas,Faulkner,664.01
Arkansas,Franklin,619.69
Arkansas,Fulton,620.31
Arkansas,Garland,734.57
Arkansas,Grant,633.01
Arkansas,Greene,579.65
Arkansas,Hempstead,741.36
Arkansas,Hot Spring,622.16
Arkansas,Howard,595.2
Arkansas,Independence,771.57
Arkansas,Izard,584.02
Arkansas,Jackson,641.45
Arkansas,Jefferson,913.7
Arkansas,Johnson,682.74
Arkansas,Lafayette,545.07
Arkansas,Lawrence,592.34
Arkansas,Lee,619.47
Arkansas,Lincoln,572.17
Arkansas,Little River,564.87
Arkansas,Logan,731.5
Arkansas,Lonoke,802.43
Arkansas,Madison,837.06
Arkansas,Marion,640.35
Arkansas,Miller,637.48
Arkansas,Mississippi,919.73
Arkansas,Monroe,621.41
Arkansas,Montgomery,800.29
Arkansas,Nevada,620.78
Arkansas,Newton,823.18
Arkansas,Ouachita,739.63
Arkansas,Perry,560.47
Arkansas,Phillips,727.29
Arkansas,Pike,613.88
Arkansas,Poinsett,763.39
Arkansas,Polk,862.42
Arkansas,Pope,830.79
Arkansas,Prairie,675.76
Arkansas,Pulaski,807.84
Arkansas,Randolph,656.04
Arkansas,Saline,730.46
Arkansas,Scott,898.09
Arkansas,Searcy,668.51
Arkansas,Sebastian,546.04
Arkansas,Sevier,581.35
Arkansas,Sharp,606.35
Arkansas,St. Francis,642.4
Arkansas,Stone,609.43
Arkansas,Union,1055.27
Arkansas,Van Buren,724.32
Arkansas,Washington,956.01
Arkansas,White,1042.36
Arkansas,Woodruff,594.05
Arkansas,Yell,948.84
California,Alameda,821.15
California,Alpine,743.19
California,Amador,604.69
California,Butte,1677.11
California,Calaveras,1036.84
California,Colusa,1156.22
California,Contra Costa,802.15
California,Del Norte,1229.75
California,El Dorado,1788.1
California,Fresno,6017.42
California,Glenn,1327.16
California,Humboldt,4052.22
California,Imperial,4481.73
California,Inyo,10226.98
California,Kern,8161.42
California,Kings,1391.49
California,Lake,1329.48
California,Lassen,4720.37
California,Los Angeles,4752.32
California,Madera,2153.32
California,Marin,828.2
California,Mariposa,1462.79
California,Mendocino,3878.14
California,Merced,1971.87
California,Modoc,4203.37
California,Mono,3131.8
California,Monterey,3771.07
California,Napa,788.27
California,Nevada,974.49
California,Orange,947.98
California,Placer,1502.78
California,Plumas,2613.48
California,Riverside,7303.13
California,Sacramento,995.48
California,San Benito,1390.73
California,San Bernardino,20105.32
California,San Diego,4525.52
California,San Francisco,231.92
California,San Joaquin,1426.25
California,San Luis Obispo,3615.54
California,San Mateo,741.01
California,Santa Barbara,3789.08
California,Santa Clara,1304.01
California,Santa Cruz,607.16
California,Shasta,3847.44
California,Sierra,961.97
California,Siskiyou,6347.46
California,Solano,906.67
California,Sonoma,1768.23
California,Stanislaus,1514.67
California,Sutter,608.58
California,Tehama,2962.27
California,Trinity,3207.54
California,Tulare,4839.09
California,Tuolumne,2274.34
California,Ventura,2208.2
California,Yolo,1022.89
California,Yuba,643.73
Colorado,Adams,1197.71
Colorado,Alamosa,723.53
Colorado,Arapahoe,805.43
Colorado,Archuleta,1355.48
Colorado,Baca,2557.09
Colorado,Bent,1541.12
Colorado,Boulder,751.37
Colorado,Broomfield,0
Colorado,Chaffee,1015.01
Colorado,Cheyenne,1781.37
Colorado,Clear Creek,396.46
Colorado,Conejos,1290.87
Colorado,Costilla,1230.44
Colorado,Crowley,800.33
Colorado,Custer,739.9
Colorado,Delta,1148.52
Colorado,Denver,154.94
Colorado,Dolores,1068.09
Colorado,Douglas,842.75
Colorado,Eagle,1691.8
Colorado,El Paso,2129.56
Colorado,Elbert,1850.89
Colorado,Fremont,1533.95
Colorado,Garfield,2955.76
Colorado,Gilpin,150.25
Colorado,Grand,1869.6
Colorado,Gunnison,3259.75
Colorado,Hinsdale,1123.14
Colorado,Huerfano,1593.24
Colorado,Jackson,1620.95
Colorado,Jefferson,778.06
Colorado,Kiowa,1785.76
Colorado,Kit Carson,2161.56
Colorado,La Plata,1699.93
Colorado,Lake,383.9
Colorado,Larimer,2633.86
Colorado,Las Animas,4775.42
Colorado,Lincoln,2586.39
Colorado,Logan,1844.86
Colorado,Mesa,3341.11
Colorado,Mineral,877.7
Colorado,Moffat,4750.94
Colorado,Montezuma,2039.97
Colorado,Montrose,2242.57
Colorado,Morgan,1293.87
Colorado,Otero,1269.74
Colorado,Ouray,542.21
Colorado,Park,2210.69
Colorado,Phillips,687.74
Colorado,Pitkin,973.23
Colorado,Prowers,1644.35
Colorado,Pueblo,2397.73
Colorado,Rio Blanco,3222.91
Colorado,Rio Grande,912.14
Colorado,Routt,2368.02
Colorado,Saguache,3170.25
Colorado,San Juan,388.29
Colorado,San Miguel,1288.49
Colorado,Sedgwick,549.6
Colorado,Summit,619.25
Colorado,Teller,558.96
Colorado,Washington,2524.12
Colorado,Weld,4021.56
Colorado,Yuma,2369.1
Connecticut,Fairfield,836.96
Connecticut,Hartford,750.57
Connecticut,Litchfield,944.57
Connecticut,Middlesex,439.07
Connecticut,New Haven,862.02
Connecticut,New London,771.66
Connecticut,Tolland,417.01
Connecticut,Windham,521.47
Delaware,Kent,800.12
Delaware,New Castle,493.51
Delaware,Sussex,1195.65
Florida,Alachua,969.12
Florida,Baker,588.89
Florida,Bay,1033.27
Florida,Bradford,300.04
Florida,Brevard,1556.95
Florida,Broward,1319.63
Florida,Calhoun,574.34
Florida,Charlotte,859.12
Florida,Citrus,773.15
Florida,Clay,643.69
Florida,Collier,2304.93
Florida,Columbia,801.04
Florida,DeSoto,639.5
Florida,Dixie,863.66
Florida,Duval,918.24
Florida,Escambia,875.57
Florida,Flagler,570.76
Florida,Franklin,1037.48
Florida,Gadsden,528.49
Florida,Gilchrist,355.47
Florida,Glades,986.43
Florida,Gulf,744.59
Florida,Hamilton,519.31
Florida,Hardee,638.33
Florida,Hendry,1189.79
Florida,Hernando,589.08
Florida,Highlands,1106.28
Florida,Hillsborough,1266.22
Florida,Holmes,488.71
Florida,Indian River,616.92
Florida,Jackson,954.58
Florida,Jefferson,636.65
Florida,Lafayette,547.92
Florida,Lake,1156.4
Florida,Lee,1211.89
Florida,Leon,701.78
Florida,Levy,1412.32
Florida,Liberty,843.16
Florida,Madison,715.8
Florida,Manatee,892.75
Florida,Marion,1663.01
Florida,Martin,752.79
Florida,Miami-Dade,2431.26
Florida,Monroe,3737.15
Florida,Nassau,725.86
Florida,Okaloosa,1082
Florida,Okeechobee,891.57
Florida,Orange,1004.19
Florida,Osceola,1506.35
Florida,Palm Beach,2386.33
Florida,Pasco,867.95
Florida,Pinellas,607.67
Florida,Polk,2009.99
Florida,Putnam,827.16
Florida,Santa Rosa,1173.57
Florida,Sarasota,725.18
Florida,Seminole,344.87
Florida,St. Johns,821.43
Florida,St. Lucie,688.08
Florida,Sumter,580.31
Florida,Suwannee,691.9
Florida,Taylor,1232.01
Florida,Union,249.71
Florida,Volusia,1432.44
Florida,Wakulla,735.74
Florida,Walton,1238.03
Florida,Washington,615.79
Georgia,Appling,512.11
Georgia,Atkinson,344.1
Georgia,Bacon,285.92
Georgia,Baker,349.17
Georgia,Baldwin,267.5
Georgia,Banks,233.87
Georgia,Barrow,162.84
Georgia,Bartow,470.11
Georgia,Ben Hill,254.03
Georgia,Berrien,457.78
Georgia,Bibb,255.13
Georgia,Bleckley,219.14
Georgia,Brantley,447.42
Georgia,Brooks,497.77
Georgia,Bryan,454.49
Georgia,Bulloch,688.84
Georgia,Burke,834.99
Georgia,Butts,190.01
Georgia,Calhoun,283.57
Georgia,Camden,782.52
Georgia,Candler,248.81
Georgia,Carroll,503.83
Georgia,Catoosa,162.66
Georgia,Charlton,782.97
Georgia,Chatham,632.28
Georgia,Chattahoochee,251.17
Georgia,Chattooga,313.55
Georgia,Cherokee,433.99
Georgia,Clarke,121.28
Georgia,Clay,216.99
Georgia,Clayton,144.28
Georgia,Clinch,824.17
Georgia,Cobb,344.51
Georgia,Coffee,602.61
Georgia,Colquitt,556.55
Georgia,Columbia,307.78
Georgia,Cook,233.22
Georgia,Coweta,445.98
Georgia,Crawford,326.45
Georgia,Crisp,281.2
Georgia,Dade,174.16
Georgia,Dawson,213.93
Georgia,Decatur,623.16
Georgia,DeKalb,270.91
Georgia,Dodge,503.17
Georgia,Dooly,397.07
Georgia,Dougherty,334.64
Georgia,Douglas,200.26
Georgia,Early,516.27
Georgia,Echols,420.8
Georgia,Effingham,482.82
Georgia,Elbert,374.54
Georgia,Emanuel,690.33
Georgia,Evans,186.88
Georgia,Fannin,391.43
Georgia,Fayette,199.25
Georgia,Floyd,518.46
Georgia,Forsyth,247.37
Georgia,Franklin,266.37
Georgia,Fulton,534.61
Georgia,Gilmer,431.83
Georgia,Glascock,144.45
Georgia,Glynn,585.17
Georgia,Gordon,358.01
Georgia,Grady,460.34
Georgia,Greene,406.24
Georgia,Gwinnett,436.72
Georgia,Habersham,279.2
Georgia,Hall,429.19
Georgia,Hancock,478.76
Georgia,Haralson,283.16
Georgia,Harris,472.93
Georgia,Hart,256.42
Georgia,Heard,301.08
Georgia,Henry,324.48
Georgia,Houston,379.83
Georgia,Irwin,362.73
Georgia,Jackson,343
Georgia,Jasper,373.58
Georgia,Jeff Davis,335.42
Georgia,Jefferson,529.56
Georgia,Jenkins,352.45
Georgia,Johnson,306.52
Georgia,Jones,395.39
Georgia,Lamar,185.79
Georgia,Lanier,199.83
Georgia,Laurens,818.51
Georgia,Lee,362.01
Georgia,Liberty,602.52
Georgia,Lincoln,257.28
Georgia,Long,403.49
Georgia,Lowndes,510.63
Georgia,Lumpkin,284.87
Georgia,Macon,405.95
Georgia,Madison,285.57
Georgia,Marion,367.49
Georgia,McDuffie,266.3
Georgia,McIntosh,574.53
Georgia,Meriwether,505.34
Georgia,Miller,283.72
Georgia,Mitchell,513.81
Georgia,Monroe,397.8
Georgia,Montgomery,247.32
Georgia,Morgan,354.6
Georgia,Murray,346.88
Georgia,Muscogee,221
Georgia,Newton,279.19
Georgia,Oconee,186.14
Georgia,Oglethorpe,442.17
Georgia,Paulding,315.06
Georgia,Peach,151.46
Georgia,Pickens,232.78
Georgia,Pierce,343.9
Georgia,Pike,219.43
Georgia,Polk,312.13
Georgia,Pulaski,249.89
Georgia,Putnam,360.63
Georgia,Quitman,160.92
Georgia,Rabun,376.99
Georgia,Randolph,430.89
Georgia,Richmond,328.45
Georgia,Rockdale,132.13
Georgia,Schley,167.82
Georgia,Screven,655.59
Georgia,Seminole,256.56
Georgia,Spalding,199.6
Georgia,Stephens,184.23
Georgia,Stewart,463.23
Georgia,Sumter,492.54
Georgia,Talbot,394.74
Georgia,Taliaferro,195.47
Georgia,Tattnall,488.22
Georgia,Taylor,379.61
Georgia,Telfair,444.08
Georgia,Terrell,337.63
Georgia,Thomas,552.08
Georgia,Tift,268.86
Georgia,Toombs,368.64
Georgia,Towns,172.01
Georgia,Treutlen,202.19
Georgia,Troup,445.96
Georgia,Turner,289.85
Georgia,Twiggs,362.95
Georgia,Union,329.02
Georgia,Upson,327.64
Georgia,Walker,447.03
Georgia,Walton,330.05
Georgia,Ware,906.31
Georgia,Warren,286.74
Georgia,Washington,684.37
Georgia,Wayne,648.8
Georgia,Webster,210.26
Georgia,Wheeler,300.14
Georgia,White,242.16
Georgia,Whitfield,290.65
Georgia,Wilcox,383.3
Georgia,Wilkes,474
Georgia,Wilkinson,452.01
Georgia,Worth,574.58
Hawaii,Hawaii,5086.7
Hawaii,Honolulu,2126.85
Hawaii,Kalawao,52.33
Hawaii,Kauai,1266.37
Hawaii,Maui,2398.74
Idaho,Ada,1060.33
Idaho,Adams,1370
Idaho,Bannock,1147.46
Idaho,Bear Lake,1049.44
Idaho,Benewah,783.98
Idaho,Bingham,2120.24
Idaho,Blaine,2661.02
Idaho,Boise,1906.76
Idaho,Bonner,1919.59
Idaho,Bonneville,1900.65
Idaho,Boundary,1278.21
Idaho,Butte,2233.59
Idaho,Camas,1079.02
Idaho,Canyon,603.51
Idaho,Caribou,1798.62
Idaho,Cassia,2580.31
Idaho,Clark,1765.21
Idaho,Clearwater,2488.1
Idaho,Custer,4936.79
Idaho,Elmore,3100.51
Idaho,Franklin,668.36
Idaho,Fremont,1895.59
Idaho,Gem,565.75
Idaho,Gooding,733.84
Idaho,Idaho,8502.48
Idaho,Jefferson,1105.55
Idaho,Jerome,601.87
Idaho,Kootenai,1315.69
Idaho,Latah,1076.89
Idaho,Lemhi,4569.5
Idaho,Lewis,479.81
Idaho,Lincoln,1205.86
Idaho,Madison,473.36
Idaho,Minidoka,762.98
Idaho,Nez Perce,856.36
Idaho,Oneida,1201.61
Idaho,Owyhee,7696.71
Idaho,Payette,410.19
Idaho,Power,1442.6
Idaho,Shoshone,2635.5
Idaho,Teton,450.57
Idaho,Twin Falls,1928.47
Idaho,Valley,3733.66
Idaho,Washington,1473.54
Illinois,Adams,871.28
Illinois,Alexander,252.54
Illinois,Bond,382.67
Illinois,Boone,281.94
Illinois,Brown,307.24
Illinois,Bureau,873.3
Illinois,Calhoun,283.69
Illinois,Carroll,465.77
Illinois,Cass,383.73
Illinois,Champaign,997.53
Illinois,Christian,715.71
Illinois,Clark,504.88
Illinois,Clay,469.84
Illinois,Clinton,503.48
Illinois,Coles,510.07
Illinois,Cook,1635.04
Illinois,Crawford,445.74
Illinois,Cumberland,347
Illinois,De Witt,405.15
Illinois,DeKalb,634.97
Illinois,Douglas,417.42
Illinois,DuPage,336.55
Illinois,Edgar,624.18
Illinois,Edwards,222.66
Illinois,Effingham,479.9
Illinois,Fayette,725.36
Illinois,Ford,486.42
Illinois,Franklin,431.4
Illinois,Fulton,882.59
Illinois,Gallatin,328.41
Illinois,Greene,546.34
Illinois,Grundy,430.42
Illinois,Hamilton,435.84
Illinois,Hancock,814.54
Illinois,Hardin,181.53
Illinois,Henderson,395.12
Illinois,Henry,825.6
Illinois,Iroquois,1118.03
Illinois,Jackson,602.53
Illinois,Jasper,498.02
Illinois,Jefferson,583.71
Illinois,Jersey,377.02
Illinois,Jo Daviess,618.72
Illinois,Johnson,348.88
Illinois,Kane,524.08
Illinois,Kankakee,681.44
Illinois,Kendall,322.67
Illinois,Knox,719.7
Illinois,Lake,1367.95
Illinois,LaSalle,1148.04
Illinois,Lawrence,373.94
Illinois,Lee,729.29
Illinois,Livingston,1045.43
Illinois,Logan,619.01
Illinois,Macon,585.38
Illinois,Macoupin,867.61
Illinois,Madison,740.35
Illinois,Marion,575.71
Illinois,Marshall,398.52
Illinois,Mason,563.37
Illinois,Massac,242.12
Illinois,McDonough,590.02
Illinois,McHenry,611.13
Illinois,McLean,1186.29
Illinois,Menard,315.37
Illinois,Mercer,568.88
Illinois,Monroe,397.71
Illinois,Montgomery,709.75
Illinois,Morgan,572.26
Illinois,Moultrie,344.47
Illinois,Ogle,763.27
Illinois,Peoria,630.89
Illinois,Perry,446.81
Illinois,Piatt,440.33
Illinois,Pike,848.87
Illinois,Pope,374.64
Illinois,Pulaski,203.33
Illinois,Putnam,172.24
Illinois,Randolph,597.26
Illinois,Richland,362.01
Illinois,Rock Island,451.16
Illinois,Saline,386.98
Illinois,Sangamon,877.01
Illinois,Schuyler,441.39
Illinois,Scott,252.77
Illinois,Shelby,768.05
Illinois,St. Clair,673.95
Illinois,Stark,288.21
Illinois,Stephenson,564.72
Illinois,Tazewell,657.89
Illinois,Union,422.13
Illinois,Vermilion,902.14
Illinois,Wabash,227.76
Illinois,Warren,543.17
Illinois,Washington,564.12
Illinois,Wayne,715.56
Illinois,White,501.7
Illinois,Whiteside,697.01
Illinois,Will,849.39
Illinois,Williamson,444.38
Illinois,Winnebago,519.27
Illinois,Woodford,542.74
Indiana,Adams,339.93
Indiana,Allen,660.1
Indiana,Bartholomew,409.36
Indiana,Benton,406.4
Indiana,Blackford,165.4
Indiana,Boone,423.28
Indiana,Brown,316.62
Indiana,Carroll,375.05
Indiana,Cass,414.92
Indiana,Clark,376.2
Indiana,Clay,360.39
Indiana,Clinton,405.28
Indiana,Crawford,308.85
Indiana,Daviess,436.86
Indiana,Dearborn,307.05
Indiana,Decatur,373.42
Indiana,DeKalb,363.84
Indiana,Delaware,395.92
Indiana,Dubois,435.23
Indiana,Elkhart,467.85
Indiana,Fayette,215.12
Indiana,Floyd,148.31
Indiana,Fountain,397.92
Indiana,Franklin,391.34
Indiana,Fulton,371.37
Indiana,Gibson,499.05
Indiana,Grant,414.83
Indiana,Greene,545.91
Indiana,Hamilton,402.73
Indiana,Hancock,306.73
Indiana,Harrison,486.88
Indiana,Hendricks,408.88
Indiana,Henry,394.9
Indiana,Howard,293.93
Indiana,Huntington,387.94
Indiana,Jackson,513.75
Indiana,Jasper,561.22
Indiana,Jay,383.82
Indiana,Jefferson,362.94
Indiana,Jennings,378.35
Indiana,Johnson,321.56
Indiana,Knox,524.06
Indiana,Kosciusko,554.34
Indiana,LaGrange,386.72
Indiana,Lake,626.34
Indiana,LaPorte,613.04
Indiana,Lawrence,452.07
Indiana,Madison,452.91
Indiana,Marion,403.04
Indiana,Marshall,449.92
Indiana,Martin,340.53
Indiana,Miami,377.36
Indiana,Monroe,411.32
Indiana,Montgomery,505.34
Indiana,Morgan,409.39
Indiana,Newton,403.53
Indiana,Noble,417.61
Indiana,Ohio,87.47
Indiana,Orange,408.2
Indiana,Owen,387.83
Indiana,Parke,450.1
Indiana,Perry,386.34
Indiana,Pike,341.08
Indiana,Porter,521.61
Indiana,Posey,419.45
Indiana,Pulaski,434.57
Indiana,Putnam,482.58
Indiana,Randolph,453.23
Indiana,Ripley,447.91
Indiana,Rush,408.62
Indiana,Scott,192.73
Indiana,Shelby,413.11
Indiana,Spencer,401.23
Indiana,St. Joseph,460.97
Indiana,Starke,312.31
Indiana,Steuben,322.48
Indiana,Sullivan,454.04
Indiana,Switzerland,223.52
Indiana,Tippecanoe,503.07
Indiana,Tipton,260.41
Indiana,Union,165.25
Indiana,Vanderburgh,235.74
Indiana,Vermillion,259.94
Indiana,Vigo,410.47
Indiana,Wabash,421.07
Indiana,Warren,366.6
Indiana,Warrick,390.86
Indiana,Washington,516.53
Indiana,Wayne,404.34
Indiana,Wells,370.41
Indiana,White,508.8
Indiana,Whitley,337.9
Iowa,Adair,570.31
Iowa,Adams,425.41
Iowa,Allamakee,658.71
Iowa,Appanoose,516.35
Iowa,Audubon,443.58
Iowa,Benton,718.45
Iowa,Black Hawk,571.91
Iowa,Boone,573.51
Iowa,Bremer,439.6
Iowa,Buchanan,573.35
Iowa,Buena Vista,580.07
Iowa,Butler,581.56
Iowa,Calhoun,572.29
Iowa,Carroll,570.24
Iowa,Cass,565.01
Iowa,Cedar,581.96
Iowa,Cerro Gordo,575.12
Iowa,Cherokee,577.34
Iowa,Chickasaw,505.48
Iowa,Clarke,431.72
Iowa,Clay,572.51
Iowa,Clayton,792.81
Iowa,Clinton,710.19
Iowa,Crawford,714.99
Iowa,Dallas,591.73
Iowa,Davis,504.89
Iowa,Decatur,533.32
Iowa,Delaware,579.05
Iowa,Des Moines,429.8
Iowa,Dickinson,403.69
Iowa,Dubuque,616.56
Iowa,Emmet,402.38
Iowa,Fayette,731.45
Iowa,Floyd,501.31
Iowa,Franklin,583.01
Iowa,Fremont,516.76
Iowa,Greene,571.13
Iowa,Grundy,502.55
Iowa,Guthrie,593.06
Iowa,Hamilton,577.44
Iowa,Hancock,573.14
Iowa,Hardin,569.93
Iowa,Harrison,700.93
Iowa,Henry,436.68
Iowa,Howard,473.76
Iowa,Humboldt,435.73
Iowa,Ida,432.23
Iowa,Iowa,587.35
Iowa,Jackson,649.75
Iowa,Jasper,732.93
Iowa,Jefferson,436.72
Iowa,Johnson,623.35
Iowa,Jones,576.7
Iowa,Keokuk,579.94
Iowa,Kossuth,974.39
Iowa,Lee,538.77
Iowa,Linn,724.55
Iowa,Louisa,417.64
Iowa,Lucas,434.17
Iowa,Lyon,587.63
Iowa,Madison,562.3
Iowa,Mahaska,573.4
Iowa,Marion,570.53
Iowa,Marshall,573.02
Iowa,Mills,439.67
Iowa,Mitchell,469.4
Iowa,Monona,698.85
Iowa,Monroe,434.11
Iowa,Montgomery,424.81
Iowa,Muscatine,449.07
Iowa,O'Brien,573.25
Iowa,Osceola,399.48
Iowa,Page,535.35
Iowa,Palo Alto,569.4
Iowa,Plymouth,863.96
Iowa,Pocahontas,579.13
Iowa,Polk,591.9
Iowa,Pottawattamie,959.94
Iowa,Poweshiek,586.17
Iowa,Ringgold,538.92
Iowa,Sac,578.38
Iowa,Scott,468.17
Iowa,Shelby,591.37
Iowa,Sioux,768.58
Iowa,Story,573.7
Iowa,Tama,722.37
Iowa,Taylor,534.83
Iowa,Union,425.95
Iowa,Van Buren,490.55
Iowa,Wapello,435.98
Iowa,Warren,573.21
Iowa,Washington,570.77
Iowa,Wayne,527.08
Iowa,Webster,718.05
Iowa,Winnebago,401.57
Iowa,Winneshiek,689.88
Iowa,Woodbury,877.39
Iowa,Worth,401.71
Iowa,Wright,582.54
Kansas,Allen,505.18
Kansas,Anderson,584.29
Kansas,Atchison,435.04
Kansas,Barber,1136.21
Kansas,Barton,900.46
Kansas,Bourbon,638.82
Kansas,Brown,572.2
Kansas,Butler,1446.42
Kansas,Chase,778.01
Kansas,Chautauqua,644.83
Kansas,Cherokee,590.96
Kansas,Cheyenne,1020.84
Kansas,Clark,977.2
Kansas,Clay,655.44
Kansas,Cloud,718.47
Kansas,Coffey,654.57
Kansas,Comanche,789.7
Kansas,Cowley,1132.6
Kansas,Crawford,595.05
Kansas,Decatur,894.18
Kansas,Dickinson,852.12
Kansas,Doniphan,397.07
Kansas,Douglas,474.47
Kansas,Edwards,622.1
Kansas,Elk,650.36
Kansas,Ellis,900.47
Kansas,Ellsworth,723.44
Kansas,Finney,1302.62
Kansas,Ford,1099.29
Kansas,Franklin,576.65
Kansas,Geary,404.39
Kansas,Gove,1071.47
Kansas,Graham,898.67
Kansas,Grant,575.04
Kansas,Gray,869.34
Kansas,Greeley,778.01
Kansas,Greenwood,1152.59
Kansas,Hamilton,997.62
Kansas,Harper,802.95
Kansas,Harvey,540.5
Kansas,Haskell,577.73
Kansas,Hodgeman,860.24
Kansas,Jackson,657.86
Kansas,Jefferson,556.94
Kansas,Jewell,914.47
Kansas,Johnson,480.15
Kansas,Kearny,871.5
Kansas,Kingman,866.7
Kansas,Kiowa,722.62
Kansas,Labette,653.3
Kansas,Lane,717.43
Kansas,Leavenworth,468.33
Kansas,Lincoln,719.94
Kansas,Linn,606.29
Kansas,Logan,1073.09
Kansas,Lyon,855.14
Kansas,Marion,953.54
Kansas,Marshall,904.36
Kansas,McPherson,901.24
Kansas,Meade,979.66
Kansas,Miami,590.15
Kansas,Mitchell,718.62
Kansas,Montgomery,651.4
Kansas,Morris,702.84
Kansas,Morton,729.94
Kansas,Nemaha,719.4
Kansas,Neosho,578.02
Kansas,Ness,1075
Kansas,Norton,881.39
Kansas,Osage,719.23
Kansas,Osborne,894.28
Kansas,Ottawa,721.9
Kansas,Pawnee,754.56
Kansas,Phillips,894.81
Kansas,Pottawatomie,862.07
Kansas,Pratt,735.76
Kansas,Rawlins,1069.72
Kansas,Reno,1271.25
Kansas,Republic,720.31
Kansas,Rice,728.3
Kansas,Riley,622.11
Kansas,Rooks,895.36
Kansas,Rush,718.42
Kansas,Russell,898.98
Kansas,Saline,721.28
Kansas,Scott,717.64
Kansas,Sedgwick,1009.41
Kansas,Seward,640.51
Kansas,Shawnee,556.32
Kansas,Sheridan,896.61
Kansas,Sherman,1056.01
Kansas,Smith,896.53
Kansas,Stafford,794.72
Kansas,Stanton,680.06
Kansas,Stevens,727.71
Kansas,Sumner,1184.78
Kansas,Thomas,1074.9
Kansas,Trego,899.02
Kansas,Wabaunsee,799.8
Kansas,Wallace,914.05
Kansas,Washington,898.84
Kansas,Wichita,718.54
Kansas,Wilson,574.97
Kansas,Woodson,505.45
Kansas,Wyandotte,155.69
Kentucky,Adair,412.23
Kentucky,Allen,352.04
Kentucky,Anderson,204.28
Kentucky,Ballard,273.6
Kentucky,Barren,499.93
Kentucky,Bath,283.94
Kentucky,Bell,361.35
Kentucky,Boone,256.96
Kentucky,Bourbon,291.66
Kentucky,Boyd,161.82
Kentucky,Boyle,182.99
Kentucky,Bracken,208.89
Kentucky,Breathitt,495.29
Kentucky,Breckinridge,585.53
Kentucky,Bullitt,300.2
Kentucky,Butler,431.52
Kentucky,Caldwell,348.18
Kentucky,Calloway,410.79
Kentucky,Campbell,159.43
Kentucky,Carlisle,199.02
Kentucky,Carroll,137.27
Kentucky,Carter,412.15
Kentucky,Casey,445.73
Kentucky,Christian,724.01
Kentucky,Clark,255.16
Kentucky,Clay,471.08
Kentucky,Clinton,205.54
Kentucky,Crittenden,370.95
Kentucky,Cumberland,310.85
Kentucky,Daviess,476.27
Kentucky,Edmonson,308.01
Kentucky,Elliott,235.2
Kentucky,Estill,255.7
Kentucky,Fayette,285.52
Kentucky,Fleming,351.47
Kentucky,Floyd,395.46
Kentucky,Franklin,212.11
Kentucky,Fulton,230.55
Kentucky,Gallatin,104.67
Kentucky,Garrard,233.88
Kentucky,Grant,260.79
Kentucky,Graves,556.46
Kentucky,Grayson,510.85
Kentucky,Green,288.78
Kentucky,Greenup,354.51
Kentucky,Hancock,198.92
Kentucky,Hardin,629.86
Kentucky,Harlan,467.97
Kentucky,Harrison,309.88
Kentucky,Hart,417.91
Kentucky,Henderson,467.24
Kentucky,Henry,291.11
Kentucky,Hickman,252.94
Kentucky,Hopkins,554.23
Kentucky,Jackson,346.57
Kentucky,Jefferson,398.58
Kentucky,Jessamine,174.45
Kentucky,Johnson,263.94
Kentucky,Kenton,164.38
Kentucky,Knott,353.01
Kentucky,Knox,387.71
Kentucky,Larue,263.72
Kentucky,Laurel,443.74
Kentucky,Lawrence,420.12
Kentucky,Lee,211.22
Kentucky,Leslie,404.36
Kentucky,Letcher,339.12
Kentucky,Lewis,495.7
Kentucky,Lincoln,336.47
Kentucky,Livingston,342.2
Kentucky,Logan,557.1
Kentucky,Lyon,256.42
Kentucky,Madison,443.11
Kentucky,Magoffin,309.44
Kentucky,Marion,346.86
Kentucky,Marshall,340.32
Kentucky,Martin,230.81
Kentucky,Mason,246.6
Kentucky,McCracken,268.08
Kentucky,McCreary,430.64
Kentucky,McLean,256.17
Kentucky,Meade,324.22
Kentucky,Menifee,206.03
Kentucky,Mercer,253.11
Kentucky,Metcalfe,290.96
Kentucky,Monroe,332.11
Kentucky,Montgomery,198.8
Kentucky,Morgan,383.73
Kentucky,Muhlenberg,479.43
Kentucky,Nelson,424.07
Kentucky,Nicholas,196.85
Kentucky,Ohio,596.73
Kentucky,Oldham,196.54
Kentucky,Owen,354.16
Kentucky,Owsley,198.09
Kentucky,Pendleton,281.87
Kentucky,Perry,342.64
Kentucky,Pike,788.84
Kentucky,Powell,180.2
Kentucky,Pulaski,677.05
Kentucky,Robertson,100.11
Kentucky,Rockcastle,318.06
Kentucky,Rowan,286.25
Kentucky,Russell,282.82
Kentucky,Scott,285.3
Kentucky,Shelby,385.65
Kentucky,Simpson,236.19
Kentucky,Spencer,191.8
Kentucky,Taylor,277.05
Kentucky,Todd,376.97
Kentucky,Trigg,481.13
Kentucky,Trimble,156.23
Kentucky,Union,363.43
Kentucky,Warren,547.69
Kentucky,Washington,301.52
Kentucky,Wayne,484.2
Kentucky,Webster,335.68
Kentucky,Whitley,445.15
Kentucky,Wolfe,222.86
Kentucky,Woodford,191.98
Louisiana,Acadia,657.62
Louisiana,Allen,765.67
Louisiana,Ascension,302.88
Louisiana,Assumption,364.55
Louisiana,Avoyelles,865.67
Louisiana,Beauregard,1165.99
Louisiana,Bienville,821.77
Louisiana,Bossier,866.93
Louisiana,Caddo,936.9
Louisiana,Calcasieu,1094.34
Louisiana,Caldwell,540.72
Louisiana,Cameron,1931.6
Louisiana,Catahoula,739.43
Louisiana,Claiborne,767.55
Louisiana,Concordia,748.68
Louisiana,De Soto,894.49
Louisiana,East Baton Rouge,470.54
Louisiana,East Carroll,442.45
Louisiana,East Feliciana,455.69
Louisiana,Evangeline,679.61
Louisiana,Franklin,635.43
Louisiana,Grant,664.56
Louisiana,Iberia,1030.86
Louisiana,Iberville,652.84
Louisiana,Jackson,580.34
Louisiana,Jefferson,642.41
Louisiana,Jefferson Davis,658.58
Louisiana,La Salle,662.36
Louisiana,Lafayette,270.29
Louisiana,Lafourche,1472.19
Louisiana,Lincoln,472.27
Louisiana,Livingston,702.84
Louisiana,Madison,650.53
Louisiana,Morehouse,805.2
Louisiana,Natchitoches,1299.3
Louisiana,Orleans,350.21
Louisiana,Ouachita,632.7
Louisiana,Plaquemines,2428.54
Louisiana,Pointe Coupee,590.68
Louisiana,Rapides,1361.96
Louisiana,Red River,402.08
Louisiana,Richland,564.51
Louisiana,Sabine,1011.51
Louisiana,St. Bernard,1793.75
Louisiana,St. Charles,410.16
Louisiana,St. Helena,409.46
Louisiana,St. James,257.79
Louisiana,St. John the Baptist,347.84
Louisiana,St. Landry,938.83
Louisiana,St. Martin,816.46
Louisiana,St. Mary,1118.83
Louisiana,St. Tammany,1124.08
Louisiana,Tangipahoa,823.12
Louisiana,Tensas,641.2
Louisiana,Terrebonne,2079.9
Louisiana,Union,905.28
Louisiana,Vermilion,1538.31
Louisiana,Vernon,1341.51
Louisiana,Washington,675.97
Louisiana,Webster,615.07
Louisiana,West Baton Rouge,203.62
Louisiana,West Carroll,360.32
Louisiana,West Feliciana,426.01
Louisiana,Winn,956.91
Maine,Androscoggin,497.23
Maine,Aroostook,6828.79
Maine,Cumberland,1216.89
Maine,Franklin,1744.31
Maine,Hancock,2351.03
Maine,Kennebec,951.18
Maine,Knox,1142.1
Maine,Lincoln,699.81
Maine,Oxford,2175.26
Maine,Penobscot,3556.14
Maine,Piscataquis,4377.36
Maine,Sagadahoc,370.19
Maine,Somerset,4095.37
Maine,Waldo,852.74
Maine,Washington,3254.91
Maine,York,1271.34
Maryland,Allegany,429.82
Maryland,Anne Arundel,587.9
Maryland,Baltimore,682.03
Maryland,Baltimore city,92.08
Maryland,Calvert,345.09
Maryland,Caroline,326.06
Maryland,Carroll,452.4
Maryland,Cecil,417.88
Maryland,Charles,643.22
Maryland,Dorchester,982.92
Maryland,Frederick,667.34
Maryland,Garrett,655.9
Maryland,Harford,526.72
Maryland,Howard,253.55
Maryland,Kent,414.31
Maryland,Montgomery,507.14
Maryland,Prince George's,498.45
Maryland,Queen Anne's,509.79
Maryland,Somerset,610.78
Maryland,St. Mary's,764.5
Maryland,Talbot,476.77
Maryland,Washington,467.55
Maryland,Wicomico,399.79
Maryland,Worcester,694.73
Massachusetts,Barnstable,1305.62
Massachusetts,Berkshire,946.27
Massachusetts,Bristol,691.19
Massachusetts,Dukes,490.95
Massachusetts,Essex,828.53
Massachusetts,Franklin,724.74
Massachusetts,Hampden,634.12
Massachusetts,Hampshire,545.44
Massachusetts,Middlesex,847.54
Massachusetts,Nantucket,303.64
Massachusetts,Norfolk,443.94
Massachusetts,Plymouth,1093.39
Massachusetts,Suffolk,120.19
Massachusetts,Worcester,1579.02
Michigan,Alcona,1790.54
Michigan,Alger,5049.08
Michigan,Allegan,1833.3
Michigan,Alpena,1695
Michigan,Antrim,601.9
Michigan,Arenac,680.81
Michigan,Baraga,1068.85
Michigan,Barry,576.9
Michigan,Bay,630.91
Michigan,Benzie,859.64
Michigan,Berrien,1581.38
Michigan,Branch,519.49
Michigan,Calhoun,718.44
Michigan,Cass,508.46
Michigan,Charlevoix,1390.76
Michigan,Cheboygan,885.23
Michigan,Chippewa,2697.98
Michigan,Clare,575.22
Michigan,Clinton,574.57
Michigan,Crawford,563.37
Michigan,Delta,1991.58
Michigan,Dickinson,777.12
Michigan,Eaton,579.02
Michigan,Emmet,882.26
Michigan,Genesee,649.34
Michigan,Gladwin,516.43
Michigan,Gogebic,1476.43
Michigan,Grand Traverse,601.13
Michigan,Gratiot,571.61
Michigan,Hillsdale,607.14
Michigan,Houghton,1501.56
Michigan,Huron,2136.47
Michigan,Ingham,560.94
Michigan,Ionia,580.23
Michigan,Iosco,1890.77
Michigan,Iron,1211.02
Michigan,Isabella,577.75
Michigan,Jackson,723.76
Michigan,Kalamazoo,580.18
Michigan,Kalkaska,570.76
Michigan,Kent,872.18
Michigan,Keweenaw,5965.96
Michigan,Lake,574.6
Michigan,Lapeer,663.08
Michigan,Leelanau,2532.38
Michigan,Lenawee,761.31
Michigan,Livingston,585.43
Michigan,Luce,1911.89
Michigan,Mackinac,2100.55
Michigan,Macomb,569.78
Michigan,Manistee,1280.77
Michigan,Marquette,3425.17
Michigan,Mason,1241.86
Michigan,Mecosta,571.1
Michigan,Menominee,1337.99
Michigan,Midland,527.89
Michigan,Missaukee,573.82
Michigan,Monroe,680.03
Michigan,Montcalm,720.98
Michigan,Montmorency,562.44
Michigan,Muskegon,1459.3
Michigan,Newaygo,861.39
Michigan,Oakland,908
Michigan,Oceana,1306.73
Michigan,Ogemaw,574.63
Michigan,Ontonagon,3741.45
Michigan,Osceola,573.1
Michigan,Oscoda,571.57
Michigan,Otsego,525.98
Michigan,Ottawa,1631.97
Michigan,Presque Isle,2572.75
Michigan,Roscommon,579.84
Michigan,Saginaw,815.78
Michigan,Sanilac,1590.22
Michigan,Schoolcraft,1883.69
Michigan,Shiawassee,540.73
Michigan,St. Clair,836.63
Michigan,St. Joseph,521.15
Michigan,Tuscola,913.82
Michigan,Van Buren,1090.19
Michigan,Washtenaw,722.53
Michigan,Wayne,672.2
Michigan,Wexford,575.84
Minnesota,Aitkin,1995.31
Minnesota,Anoka,446.26
Minnesota,Becker,1445.11
Minnesota,Beltrami,3055.59
Minnesota,Benton,413
Minnesota,Big Stone,527.88
Minnesota,Blue Earth,765.9
Minnesota,Brown,618.6
Minnesota,Carlton,875.23
Minnesota,Carver,376.15
Minnesota,Cass,2414.21
Minnesota,Chippewa,587.83
Minnesota,Chisago,442.49
Minnesota,Clay,1052.74
Minnesota,Clearwater,1029.79
Minnesota,Cook,3339.72
Minnesota,Cottonwood,648.91
Minnesota,Crow Wing,1156.56
Minnesota,Dakota,586.33
Minnesota,Dodge,439.63
Minnesota,Douglas,719.94
Minnesota,Faribault,721.61
Minnesota,Fillmore,862.15
Minnesota,Freeborn,722.63
Minnesota,Goodhue,780.44
Minnesota,Grant,575.18
Minnesota,Hennepin,606.38
Minnesota,Houston,568.91
Minnesota,Hubbard,999.39
Minnesota,Isanti,451.87
Minnesota,Itasca,2927.78
Minnesota,Jackson,719.46
Minnesota,Kanabec,533.38
Minnesota,Kandiyohi,861.97
Minnesota,Kittson,1103.51
Minnesota,Koochiching,3154.32
Minnesota,Lac qui Parle,778.05
Minnesota,Lake,2990.82
Minnesota,Lake of the Woods,1775.05
Minnesota,Le Sueur,473.86
Minnesota,Lincoln,548.44
Minnesota,Lyon,721.46
Minnesota,Mahnomen,582.99
Minnesota,Marshall,1812.79
Minnesota,Martin,729.56
Minnesota,McLeod,505.67
Minnesota,Meeker,645.08
Minnesota,Mille Lacs,681.77
Minnesota,Morrison,1153.32
Minnesota,Mower,711.71
Minnesota,Murray,719.52
Minnesota,Nicollet,466.95
Minnesota,Nobles,722.33
Minnesota,Norman,876.82
Minnesota,Olmsted,654.5
Minnesota,Otter Tail,2224.91
Minnesota,Pennington,618.34
Minnesota,Pine,1434.57
Minnesota,Pipestone,466.15
Minnesota,Polk,1997.81
Minnesota,Pope,717.29
Minnesota,Ramsey,170.13
Minnesota,Red Lake,432.51
Minnesota,Redwood,881.24
Minnesota,Renville,987.22
Minnesota,Rice,516.13
Minnesota,Rock,482.84
Minnesota,Roseau,1678.33
Minnesota,Scott,368.56
Minnesota,Sherburne,451
Minnesota,Sibley,600.41
Minnesota,St. Louis,6859.91
Minnesota,Stearns,1389.93
Minnesota,Steele,432.16
Minnesota,Stevens,575.24
Minnesota,Swift,752.35
Minnesota,Todd,979.34
Minnesota,Traverse,585.96
Minnesota,Wabasha,549.83
Minnesota,Wadena,543
Minnesota,Waseca,432.81
Minnesota,Washington,423.16
Minnesota,Watonwan,439.92
Minnesota,Wilkin,751.63
Minnesota,Winona,641.59
Minnesota,Wright,714.39
Minnesota,Yellow Medicine,763.39
Mississippi,Adams,486.25
Mississippi,Alcorn,401.35
Mississippi,Amite,731.64
Mississippi,Attala,737.1
Mississippi,Benton,408.65
Mississippi,Bolivar,905.76
Mississippi,Calhoun,587.97
Mississippi,Carroll,634.54
Mississippi,Chickasaw,504.27
Mississippi,Choctaw,419.81
Mississippi,Claiborne,501.36
Mississippi,Clarke,693.41
Mississippi,Clay,416.02
Mississippi,Coahoma,583.14
Mississippi,Copiah,779.38
Mississippi,Covington,414.94
Mississippi,DeSoto,496.77
Mississippi,Forrest,470.17
Mississippi,Franklin,566.74
Mississippi,George,483.63
Mississippi,Greene,718.69
Mississippi,Grenada,449.38
Mississippi,Hancock,552.53
Mississippi,Harrison,976.15
Mississippi,Hinds,877.35
Mississippi,Holmes,764.18
Mississippi,Humphreys,431.16
Mississippi,Issaquena,441.36
Mississippi,Itawamba,540.42
Mississippi,Jackson,1043.3
Mississippi,Jasper,677.44
Mississippi,Jefferson,527.19
Mississippi,Jefferson Davis,409.1
Mississippi,Jones,699.73
Mississippi,Kemper,767
Mississippi,Lafayette,679.29
Mississippi,Lamar,500.49
Mississippi,Lauderdale,715.28
Mississippi,Lawrence,435.73
Mississippi,Leake,585.39
Mississippi,Lee,453.14
Mississippi,Leflore,606.35
Mississippi,Lincoln,588.17
Mississippi,Lowndes,516.45
Mississippi,Madison,741.97
Mississippi,Marion,548.58
Mississippi,Marshall,709.8
Mississippi,Monroe,772.04
Mississippi,Montgomery,407.86
Mississippi,Neshoba,571.64
Mississippi,Newton,579.58
Mississippi,Noxubee,700.05
Mississippi,Oktibbeha,461.9
Mississippi,Panola,705.13
Mississippi,Pearl River,818.93
Mississippi,Perry,650.2
Mississippi,Pike,410.78
Mississippi,Pontotoc,500.99
Mississippi,Prentiss,418.24
Mississippi,Quitman,406.49
Mississippi,Rankin,806.09
Mississippi,Scott,610.38
Mississippi,Sharkey,434.88
Mississippi,Simpson,590.53
Mississippi,Smith,637.27
Mississippi,Stone,448.07
Mississippi,Sunflower,707.22
Mississippi,Tallahatchie,652.08
Mississippi,Tate,410.95
Mississippi,Tippah,459.97
Mississippi,Tishomingo,444.54
Mississippi,Tunica,480.78
Mississippi,Union,416.87
Mississippi,Walthall,404.44
Mississippi,Warren,618.76
Mississippi,Washington,761.26
Mississippi,Wayne,813.5
Mississippi,Webster,423.34
Mississippi,Wilkinson,687.66
Mississippi,Winston,610.11
Mississippi,Yalobusha,495
Mississippi,Yazoo,934.12
Missouri,Adair,569.32
Missouri,Andrew,436.5
Missouri,Atchison,547.36
Missouri,Audrain,696.79
Missouri,Barry,790.89
Missouri,Barton,596.72
Missouri,Bates,851.37
Missouri,Benton,752.48
Missouri,Bollinger,621.2
Missouri,Boone,691.31
Missouri,Buchanan,414.57
Missouri,Butler,698.97
Missouri,Caldwell,429.72
Missouri,Callaway,847.03
Missouri,Camden,708.86
Missouri,Cape Girardeau,586.29
Missouri,Carroll,702.3
Missouri,Carter,509.02
Missouri,Cass,702.67
Missouri,Cedar,498.51
Missouri,Chariton,768.25
Missouri,Christian,564.05
Missouri,Clark,511.9
Missouri,Clay,408.86
Missouri,Clinton,423.47
Missouri,Cole,399.08
Missouri,Cooper,570.22
Missouri,Crawford,743.79
Missouri,Dade,506.3
Missouri,Dallas,542.83
Missouri,Daviess,569.07
Missouri,DeKalb,425.77
Missouri,Dent,754.51
Missouri,Douglas,814.6
Missouri,Dunklin,547.11
Missouri,Franklin,930.65
Missouri,Gasconade,526.09
Missouri,Gentry,491.81
Missouri,Greene,677.8
Missouri,Grundy,437.98
Missouri,Harrison,726.45
Missouri,Henry,732.55
Missouri,Hickory,411.74
Missouri,Holt,469.05
Missouri,Howard,470.55
Missouri,Howell,928.33
Missouri,Iron,552.05
Missouri,Jackson,616.41
Missouri,Jasper,641.32
Missouri,Jefferson,664.09
Missouri,Johnson,833.03
Missouri,Knox,506.77
Missouri,Laclede,768
Missouri,Lafayette,638.86
Missouri,Lawrence,613.38
Missouri,Lewis,510.85
Missouri,Lincoln,640.41
Missouri,Linn,621.46
Missouri,Livingston,538.48
Missouri,Macon,812.53
Missouri,Madison,497.6
Missouri,Maries,529.97
Missouri,Marion,444.05
Missouri,McDonald,539.7
Missouri,Mercer,455.18
Missouri,Miller,599.94
Missouri,Mississippi,428.91
Missouri,Moniteau,418.85
Missouri,Monroe,670.23
Missouri,Montgomery,540.34
Missouri,Morgan,613.89
Missouri,New Madrid,698.02
Missouri,Newton,626.66
Missouri,Nodaway,877.75
Missouri,Oregon,791.59
Missouri,Osage,613.41
Missouri,Ozark,755.07
Missouri,Pemiscot,512.41
Missouri,Perry,484.28
Missouri,Pettis,686.34
Missouri,Phelps,674.28
Missouri,Pike,684.81
Missouri,Platte,427.22
Missouri,Polk,642.46
Missouri,Pulaski,551.41
Missouri,Putnam,519.66
Missouri,Ralls,483.82
Missouri,Randolph,487.65
Missouri,Ray,573.57
Missouri,Reynolds,814.41
Missouri,Ripley,631.66
Missouri,Saline,764.59
Missouri,Schuyler,308.16
Missouri,Scotland,439.25
Missouri,Scott,426.04
Missouri,Shannon,1003.99
Missouri,Shelby,502.43
Missouri,St. Charles,592.35
Missouri,St. Clair,701.9
Missouri,St. Francois,452.4
Missouri,St. Louis,523.69
Missouri,St. Louis city,66.15
Missouri,Ste. Genevieve,508.94
Missouri,Stoddard,828.94
Missouri,Stone,510.91
Missouri,Sullivan,651.43
Missouri,Taney,651.48
Missouri,Texas,1179.24
Missouri,Vernon,837.04
Missouri,Warren,437.74
Missouri,Washington,762.46
Missouri,Wayne,774.09
Missouri,Webster,593.69
Missouri,Worth,266.75
Missouri,Wright,683.18
Montana,Beaverhead,5572.04
Montana,Big Horn,5014.65
Montana,Blaine,4238.92
Montana,Broadwater,1238.94
Montana,Carbon,2062.19
Montana,Carter,3348.29
Montana,Cascade,2711.65
Montana,Chouteau,3997
Montana,Custer,3793.22
Montana,Daniels,1426.52
Montana,Dawson,2383.13
Montana,Deer Lodge,741.16
Montana,Fallon,1623.02
Montana,Fergus,4350.36
Montana,Flathead,5256.45
Montana,Gallatin,2631.84
Montana,Garfield,4847.54
Montana,Glacier,3037.11
Montana,Golden Valley,1176.4
Montana,Granite,1733.11
Montana,Hill,2916.05
Montana,Jefferson,1658.83
Montana,Judith Basin,1870.71
Montana,Lake,1653.72
Montana,Lewis and Clark,3497.56
Montana,Liberty,1447.19
Montana,Lincoln,3675.11
Montana,Madison,3602.85
Montana,McCone,2682.77
Montana,Meagher,2394.83
Montana,Mineral,1223.38
Montana,Missoula,2618.34
Montana,Musselshell,1870.91
Montana,Park,2813.59
Montana,Petroleum,1674.01
Montana,Phillips,5212.17
Montana,Pondera,1639.85
Montana,Powder River,3297.94
Montana,Powell,2332.68
Montana,Prairie,1742.56
Montana,Ravalli,2400.32
Montana,Richland,2103.02
Montana,Roosevelt,2369.65
Montana,Rosebud,5026.94
Montana,Sanders,2790.03
Montana,Sheridan,1706.3
Montana,Silver Bow,718.97
Montana,Stillwater,1804.61
Montana,Sweet Grass,1862
Montana,Teton,2292.58
Montana,Toole,1945.86
Montana,Treasure,984.11
Montana,Valley,5061.98
Montana,Wheatland,1428.29
Montana,Wibaux,890.09
Montana,Yellowstone,2649.05
Montana,Yellowstone National Park,0
Nebraska,Adams,564.16
Nebraska,Antelope,858.43
Nebraska,Arthur,718.32
Nebraska,Banner,746.37
Nebraska,Blaine,714.34
Nebraska,Boone,687.25
Nebraska,Box Butte,1077.84
Nebraska,Boyd,544.59
Nebraska,Brown,1225.08
Nebraska,Buffalo,975.27
Nebraska,Burt,497.1
Nebraska,Butler,584.41
Nebraska,Cass,566.21
Nebraska,Cedar,745.81
Nebraska,Chase,897.63
Nebraska,Cherry,6009.54
Nebraska,Cheyenne,1196.45
Nebraska,Clay,573.53
Nebraska,Colfax,418.58
Nebraska,Cuming,574.54
Nebraska,Custer,2576.08
Nebraska,Dakota,267.39
Nebraska,Dawes,1400.86
Nebraska,Dawson,1019.3
Nebraska,Deuel,440.79
Nebraska,Dixon,482.72
Nebraska,Dodge,543.92
Nebraska,Douglas,339.6
Nebraska,Dundy,920.79
Nebraska,Fillmore,576.62
Nebraska,Franklin,576.11
Nebraska,Frontier,980.06
Nebraska,Furnas,720.51
Nebraska,Gage,859.94
Nebraska,Garden,1731
Nebraska,Garfield,571.34
Nebraska,Gosper,462.74
Nebraska,Grant,783.23
Nebraska,Greeley,570.71
Nebraska,Hall,552.22
Nebraska,Hamilton,546.77
Nebraska,Harlan,574.18
Nebraska,Hayes,713.33
Nebraska,Hitchcock,718.57
Nebraska,Holt,2417.65
Nebraska,Hooker,721.51
Nebraska,Howard,575.74
Nebraska,Jefferson,575.5
Nebraska,Johnson,376.82
Nebraska,Kearney,516.13
Nebraska,Keith,1109.77
Nebraska,Keya Paha,774.17
Nebraska,Kimball,952.31
Nebraska,Knox,1139.65
Nebraska,Lancaster,846.71
Nebraska,Lincoln,2575.1
Nebraska,Logan,571.15
Nebraska,Loup,571.02
Nebraska,Madison,575.05
Nebraska,McPherson,860.02
Nebraska,Merrick,494.72
Nebraska,Morrill,1429.81
Nebraska,Nance,448.04
Nebraska,Nemaha,411.89
Nebraska,Nuckolls,575.96
Nebraska,Otoe,619.09
Nebraska,Pawnee,432.95
Nebraska,Perkins,884.27
Nebraska,Phelps,540.6
Nebraska,Pierce,575.27
Nebraska,Platte,689.08
Nebraska,Polk,440.72
Nebraska,Red Willow,718.06
Nebraska,Richardson,555.95
Nebraska,Rock,1011.85
Nebraska,Saline,576.06
Nebraska,Sarpy,247.28
Nebraska,Saunders,758.82
Nebraska,Scotts Bluff,745.5
Nebraska,Seward,575.73
Nebraska,Sheridan,2469.99
Nebraska,Sherman,571.63
Nebraska,Sioux,2067.32
Nebraska,Stanton,431.06
Nebraska,Thayer,575.3
Nebraska,Thomas,713.65
Nebraska,Thurston,396.25
Nebraska,Valley,570.51
Nebraska,Washington,393.76
Nebraska,Wayne,443.48
Nebraska,Webster,575.02
Nebraska,Wheeler,575.57
Nebraska,York,576.02
Nevada,Carson City city,155.66
Nevada,Churchill,5023.38
Nevada,Clark,8090.66
Nevada,Douglas,737.65
Nevada,Elko,17202.94
Nevada,Esmeralda,3589
Nevada,Eureka,4179.96
Nevada,Humboldt,9657.87
Nevada,Lander,5519.47
Nevada,Lincoln,10636.77
Nevada,Lyon,2016.4
Nevada,Mineral,3812.97
Nevada,Nye,18158.73
Nevada,Pershing,6067.55
Nevada,Storey,263.8
Nevada,Washoe,6551.32
Nevada,White Pine,8896.6
New Hampshire,Belknap,468.55
New Hampshire,Carroll,992.24
New Hampshire,Cheshire,729.15
New Hampshire,Coos,1831.44
New Hampshire,Grafton,1750.08
New Hampshire,Hillsborough,892.2
New Hampshire,Merrimack,956.49
New Hampshire,Rockingham,793.96
New Hampshire,Strafford,383.91
New Hampshire,Sullivan,551.92
New Jersey,Atlantic,671.45
New Jersey,Bergen,246.8
New Jersey,Burlington,819.43
New Jersey,Camden,227.58
New Jersey,Cape May,620.28
New Jersey,Cumberland,676.59
New Jersey,Essex,129.56
New Jersey,Gloucester,336.92
New Jersey,Hudson,62.43
New Jersey,Hunterdon,437.76
New Jersey,Mercer,228.84
New Jersey,Middlesex,322.51
New Jersey,Monmouth,665.12
New Jersey,Morris,481.29
New Jersey,Ocean,915.88
New Jersey,Passaic,197.05
New Jersey,Salem,372.57
New Jersey,Somerset,305.05
New Jersey,Sussex,535.99
New Jersey,Union,105.46
New Jersey,Warren,362.75
New Mexico,Bernalillo,1168.65
New Mexico,Catron,6929.03
New Mexico,Chaves,6075.07
New Mexico,Cibola,4541.71
New Mexico,Colfax,3768.05
New Mexico,Curry,1407.67
New Mexico,De Baca,2333.83
New Mexico,Dona Ana,3814.62
New Mexico,Eddy,4197.57
New Mexico,Grant,3967.5
New Mexico,Guadalupe,3031.58
New Mexico,Harding,2125.95
New Mexico,Hidalgo,3445.91
New Mexico,Lea,4394.02
New Mexico,Lincoln,4831.25
New Mexico,Los Alamos,109.35
New Mexico,Luna,2965.28
New Mexico,McKinley,5455.22
New Mexico,Mora,1933.48
New Mexico,Otero,6627.43
New Mexico,Quay,2881.8
New Mexico,Rio Arriba,5896.1
New Mexico,Roosevelt,2454.87
New Mexico,San Juan,5538.36
New Mexico,San Miguel,4735.63
New Mexico,Sandoval,3714.32
New Mexico,Santa Fe,1910.79
New Mexico,Sierra,4236.3
New Mexico,Socorro,6648.71
New Mexico,Taos,2204.62
New Mexico,Torrance,3345.81
New Mexico,Union,3830.79
New Mexico,Valencia,1068.21
New York,Albany,533.21
New York,Allegany,1034.42
New York,Bronx,57.43
New York,Broome,715.46
New York,Cattaraugus,1322.25
New York,Cayuga,863.64
New York,Chautauqua,1500.02
New York,Chemung,410.79
New York,Chenango,898.7
New York,Clinton,1117.61
New York,Columbia,648.27
New York,Cortland,501.52
New York,Delaware,1468.04
New York,Dutchess,825.38
New York,Erie,1226.89
New York,Essex,1916.5
New York,Franklin,1697.44
New York,Fulton,532.9
New York,Genesee,495.33
New York,Greene,658.13
New York,Hamilton,1807.81
New York,Herkimer,1458.35
New York,Jefferson,1857.08
New York,Kings,96.9
New York,Lewis,1289.89
New York,Livingston,640.44
New York,Madison,661.54
New York,Monroe,1365.61
New York,Montgomery,410.32
New York,Nassau,453.08
New York,New York,33.77
New York,Niagara,1139.83
New York,Oneida,1257.11
New York,Onondaga,805.69
New York,Ontario,662.43
New York,Orange,838.55
New York,Orleans,817.47
New York,Oswego,1312.18
New York,Otsego,1015.1
New York,Putnam,246.25
New York,Queens,178.28
New York,Rensselaer,665.39
New York,Richmond,102.5
New York,Rockland,199.34
New York,Saratoga,843.71
New York,Schenectady,209.62
New York,Schoharie,626.36
New York,Schuyler,342.22
New York,Seneca,390.51
New York,St. Lawrence,2821.48
New York,Steuben,1404.1
New York,Suffolk,2373.07
New York,Sullivan,996.85
New York,Tioga,522.91
New York,Tompkins,491.63
New York,Ulster,1160.76
New York,Warren,931.66
New York,Washington,845.84
New York,Wayne,1384.14
New York,Westchester,500.08
New York,Wyoming,596.44
New York,Yates,375.76
North Carolina,Alamance,434.77
North Carolina,Alexander,263.14
North Carolina,Alleghany,235.52
North Carolina,Anson,537.13
North Carolina,Ashe,426.78
North Carolina,Avery,247.21
North Carolina,Beaufort,958.69
North Carolina,Bertie,741.22
North Carolina,Bladen,887.13
North Carolina,Brunswick,1050.01
North Carolina,Buncombe,659.8
North Carolina,Burke,514.89
North Carolina,Cabarrus,364.98
North Carolina,Caldwell,474.29
North Carolina,Camden,305.7
North Carolina,Carteret,1340.53
North Carolina,Caswell,428.43
North Carolina,Catawba,413.51
North Carolina,Chatham,709.05
North Carolina,Cherokee,466.68
North Carolina,Chowan,233.31
North Carolina,Clay,220.6
North Carolina,Cleveland,468.6
North Carolina,Columbus,953.6
North Carolina,Craven,774.14
North Carolina,Cumberland,658.46
North Carolina,Currituck,525.65
North Carolina,Dare,1561.51
North Carolina,Davidson,566.77
North Carolina,Davie,266.89
North Carolina,Duplin,819.11
North Carolina,Durham,297.79
North Carolina,Edgecombe,506.58
North Carolina,Forsyth,412.92
North Carolina,Franklin,494.59
North Carolina,Gaston,363.54
North Carolina,Gates,345.6
North Carolina,Graham,301.6
North Carolina,Granville,536.56
North Carolina,Greene,265.89
North Carolina,Guilford,657.7
North Carolina,Halifax,731.35
North Carolina,Harnett,601.3
North Carolina,Haywood,554.62
North Carolina,Henderson,375.04
North Carolina,Hertford,360.42
North Carolina,Hoke,392.34
North Carolina,Hyde,1424
North Carolina,Iredell,597.01
North Carolina,Jackson,494.5
North Carolina,Johnston,795.79
North Carolina,Jones,473.32
North Carolina,Lee,259.33
North Carolina,Lenoir,402.09
North Carolina,Lincoln,307.03
North Carolina,Macon,519.47
North Carolina,Madison,451.59
North Carolina,Martin,461.49
North Carolina,McDowell,446.41
North Carolina,Mecklenburg,546.22
North Carolina,Mitchell,222.14
North Carolina,Montgomery,501.64
North Carolina,Moore,705.67
North Carolina,Nash,542.69
North Carolina,New Hanover,327.92
North Carolina,Northampton,550.61
North Carolina,Onslow,908.56
North Carolina,Orange,401.21
North Carolina,Pamlico,566.23
North Carolina,Pasquotank,289.44
North Carolina,Pender,932.64
North Carolina,Perquimans,328.93
North Carolina,Person,404.09
North Carolina,Pitt,654.77
North Carolina,Polk,238.6
North Carolina,Randolph,789.93
North Carolina,Richmond,479.58
North Carolina,Robeson,951.03
North Carolina,Rockingham,572.33
North Carolina,Rowan,523.86
North Carolina,Rutherford,565.9
North Carolina,Sampson,947.45
North Carolina,Scotland,320.64
North Carolina,Stanly,404.26
North Carolina,Stokes,455.89
North Carolina,Surry,537.79
North Carolina,Swain,540.64
North Carolina,Transylvania,380.56
North Carolina,Tyrrell,600.3
North Carolina,Union,639.59
North Carolina,Vance,269.82
North Carolina,Wake,857.26
North Carolina,Warren,443.8
North Carolina,Washington,424.39
North Carolina,Watauga,312.73
North Carolina,Wayne,556.69
North Carolina,Wilkes,759.93
North Carolina,Wilson,374.26
North Carolina,Yadkin,337.49
North Carolina,Yancey,313.11
North Dakota,Adams,988.84
North Dakota,Barnes,1513.23
North Dakota,Benson,1439.27
North Dakota,Billings,1153.4
North Dakota,Bottineau,1697.74
North Dakota,Bowman,1166.99
North Dakota,Burke,1129.26
North Dakota,Burleigh,1668.04
North Dakota,Cass,1767.91
North Dakota,Cavalier,1510.14
North Dakota,Dickey,1141.66
North Dakota,Divide,1294.18
North Dakota,Dunn,2082.25
North Dakota,Eddy,644.23
North Dakota,Emmons,1554.72
North Dakota,Foster,646.72
North Dakota,Golden Valley,1002.36
North Dakota,Grand Forks,1439.83
North Dakota,Grant,1665.92
North Dakota,Griggs,716.17
North Dakota,Hettinger,1133.7
North Dakota,Kidder,1433.21
North Dakota,LaMoure,1150.81
North Dakota,Logan,1011.07
North Dakota,McHenry,1911.71
North Dakota,McIntosh,995.04
North Dakota,McKenzie,2860.89
North Dakota,McLean,2328.17
North Dakota,Mercer,1112.42
North Dakota,Morton,1945.28
North Dakota,Mountrail,1941.08
North Dakota,Nelson,1008.74
North Dakota,Oliver,731.19
North Dakota,Pembina,1121.74
North Dakota,Pierce,1082.16
North Dakota,Ramsey,1300.88
North Dakota,Ransom,864.13
North Dakota,Renville,892.03
North Dakota,Richland,1445.73
North Dakota,Rolette,939.33
North Dakota,Sargent,867.09
North Dakota,Sheridan,1005.78
North Dakota,Sioux,1128.3
North Dakota,Slope,1219.22
North Dakota,Stark,1340.46
North Dakota,Steele,715.49
North Dakota,Stutsman,2298.26
North Dakota,Towner,1041.56
North Dakota,Traill,862.53
North Dakota,Walsh,1294.11
North Dakota,Ward,2056.25
North Dakota,Wells,1290.62
North Dakota,Williams,2147.97
Ohio,Adams,585.79
Ohio,Allen,406.88
Ohio,Ashland,426.85
Ohio,Ashtabula,1368.47
Ohio,Athens,508.54
Ohio,Auglaize,401.72
Ohio,Belmont,541.39
Ohio,Brown,495.22
Ohio,Butler,470.2
Ohio,Carroll,399.01
Ohio,Champaign,429.71
Ohio,Clark,403.56
Ohio,Clermont,457.67
Ohio,Clinton,412.29
Ohio,Columbiana,535.18
Ohio,Coshocton,567.58
Ohio,Crawford,402.83
Ohio,Cuyahoga,1245.56
Ohio,Darke,600.29
Ohio,Defiance,414.19
Ohio,Delaware,455.97
Ohio,Erie,626.15
Ohio,Fairfield,508.6
Ohio,Fayette,407.08
Ohio,Franklin,543.32
Ohio,Fulton,407.32
Ohio,Gallia,471.13
Ohio,Geauga,408.29
Ohio,Greene,416.21
Ohio,Guernsey,528.29
Ohio,Hamilton,412.78
Ohio,Hancock,533.6
Ohio,Hardin,470.54
Ohio,Harrison,410.79
Ohio,Henry,419.98
Ohio,Highland,557.84
Ohio,Hocking,423.6
Ohio,Holmes,424.02
Ohio,Huron,494.52
Ohio,Jackson,421.5
Ohio,Jefferson,410.87
Ohio,Knox,529.53
Ohio,Lake,978.87
Ohio,Lawrence,457.28
Ohio,Licking,688.38
Ohio,Logan,466.78
Ohio,Lorain,923.02
Ohio,Lucas,595.88
Ohio,Madison,466.18
Ohio,Mahoning,423.38
Ohio,Marion,404.15
Ohio,Medina,423.11
Ohio,Meigs,432.38
Ohio,Mercer,473.29
Ohio,Miami,409.22
Ohio,Monroe,457.46
Ohio,Montgomery,464.34
Ohio,Morgan,421.86
Ohio,Morrow,407.36
Ohio,Muskingum,672.59
Ohio,Noble,404.59
Ohio,Ottawa,585.12
Ohio,Paulding,418.9
Ohio,Perry,412.59
Ohio,Pickaway,506.79
Ohio,Pike,443.94
Ohio,Portage,507.11
Ohio,Preble,426.33
Ohio,Putnam,484.23
Ohio,Richland,500.33
Ohio,Ross,692.96
Ohio,Sandusky,417.77
Ohio,Scioto,616.07
Ohio,Seneca,552.37
Ohio,Shelby,411.03
Ohio,Stark,580.91
Ohio,Summit,420.06
Ohio,Trumbull,634.72
Ohio,Tuscarawas,571.48
Ohio,Union,436.98
Ohio,Van Wert,410.49
Ohio,Vinton,414.96
Ohio,Warren,407.14
Ohio,Washington,640.15
Ohio,Wayne,556.31
Ohio,Williams,423.05
Ohio,Wood,620.54
Ohio,Wyandot,407.62
Oklahoma,Adair,577.03
Oklahoma,Alfalfa,881.44
Oklahoma,Atoka,990
Oklahoma,Beaver,1817.58
Oklahoma,Beckham,904.14
Oklahoma,Blaine,938.88
Oklahoma,Bryan,943.43
Oklahoma,Caddo,1290.31
Oklahoma,Canadian,905.17
Oklahoma,Carter,833.72
Oklahoma,Cherokee,776.4
Oklahoma,Choctaw,800.68
Oklahoma,Cimarron,1841.17
Oklahoma,Cleveland,558.34
Oklahoma,Coal,521.3
Oklahoma,Comanche,1083.82
Oklahoma,Cotton,641.94
Oklahoma,Craig,762.71
Oklahoma,Creek,969.77
Oklahoma,Custer,1002
Oklahoma,Delaware,792.33
Oklahoma,Dewey,1008.26
Oklahoma,Ellis,1231.84
Oklahoma,Garfield,1059.94
Oklahoma,Garvin,813.66
Oklahoma,Grady,1105.3
Oklahoma,Grant,1003.61
Oklahoma,Greer,643.66
Oklahoma,Harmon,538.56
Oklahoma,Harper,1040.96
Oklahoma,Haskell,625.27
Oklahoma,Hughes,814.64
Oklahoma,Jackson,804.15
Oklahoma,Jefferson,773.83
Oklahoma,Johnston,658.29
Oklahoma,Kay,945.12
Oklahoma,Kingfisher,905.96
Oklahoma,Kiowa,1030.66
Oklahoma,Latimer,729.12
Oklahoma,Le Flore,1608.03
Oklahoma,Lincoln,965.62
Oklahoma,Logan,748.92
Oklahoma,Love,531.94
Oklahoma,Major,957.87
Oklahoma,Marshall,426.95
Oklahoma,Mayes,683.51
Oklahoma,McClain,580.13
Oklahoma,McCurtain,1901.32
Oklahoma,McIntosh,712.48
Oklahoma,Murray,424.92
Oklahoma,Muskogee,838.99
Oklahoma,Noble,742.44
Oklahoma,Nowata,580.87
Oklahoma,Okfuskee,628.91
Oklahoma,Oklahoma,718.31
Oklahoma,Okmulgee,702.32
Oklahoma,Osage,2303.8
Oklahoma,Ottawa,484.73
Oklahoma,Pawnee,594.87
Oklahoma,Payne,697.13
Oklahoma,Pittsburg,1377.85
Oklahoma,Pontotoc,725.45
Oklahoma,Pottawatomie,793.26
Oklahoma,Pushmataha,1422.78
Oklahoma,Roger Mills,1146.46
Oklahoma,Rogers,711.44
Oklahoma,Seminole,640.57
Oklahoma,Sequoyah,714.88
Oklahoma,Stephens,891.12
Oklahoma,Texas,2048.81
Oklahoma,Tillman,879.21
Oklahoma,Tulsa,587.02
Oklahoma,Wagoner,590.99
Oklahoma,Washington,424.15
Oklahoma,Washita,1009.07
Oklahoma,Woods,1290.07
Oklahoma,Woodward,1246.01
Oregon,Baker,3088.43
Oregon,Benton,678.97
Oregon,Clackamas,1879.01
Oregon,Clatsop,1084.75
Oregon,Columbia,688.33
Oregon,Coos,1806.38
Oregon,Crook,2987.41
Oregon,Curry,1988.57
Oregon,Deschutes,3054.77
Oregon,Douglas,5133.83
Oregon,Gilliam,1222.84
Oregon,Grant,4529.32
Oregon,Harney,10226.49
Oregon,Hood River,533.56
Oregon,Jackson,2801.77
Oregon,Jefferson,1791.17
Oregon,Josephine,1641.63
Oregon,Klamath,6135.75
Oregon,Lake,8358.47
Oregon,Lane,4721.79
Oregon,Lincoln,1193.79
Oregon,Linn,2310.15
Oregon,Malheur,9929.99
Oregon,Marion,1194.13
Oregon,Morrow,2048.53
Oregon,Multnomah,465.65
Oregon,Polk,744.15
Oregon,Sherman,831.2
Oregon,Tillamook,1332.78
Oregon,Umatilla,3231.25
Oregon,Union,2038.55
Oregon,Wallowa,3151.69
Oregon,Wasco,2395.32
Oregon,Washington,726.38
Oregon,Wheeler,1715.46
Oregon,Yamhill,718.36
Pennsylvania,Adams,521.52
Pennsylvania,Allegheny,744.71
Pennsylvania,Armstrong,664.44
Pennsylvania,Beaver,443.9
Pennsylvania,Bedford,1017.4
Pennsylvania,Berks,865.67
Pennsylvania,Blair,527.11
Pennsylvania,Bradford,1161.03
Pennsylvania,Bucks,622.11
Pennsylvania,Butler,794.79
Pennsylvania,Cambria,693.43
Pennsylvania,Cameron,398.6
Pennsylvania,Carbon,387.23
Pennsylvania,Centre,1111.85
Pennsylvania,Chester,759.81
Pennsylvania,Clarion,608.95
Pennsylvania,Clearfield,1153.8
Pennsylvania,Clinton,898.09
Pennsylvania,Columbia,489.79
Pennsylvania,Crawford,1037.74
Pennsylvania,Cumberland,551.14
Pennsylvania,Dauphin,557.53
Pennsylvania,Delaware,190.74
Pennsylvania,Elk,832.23
Pennsylvania,Erie,1558.4
Pennsylvania,Fayette,798
Pennsylvania,Forest,431.4
Pennsylvania,Franklin,772.63
Pennsylvania,Fulton,438.03
Pennsylvania,Greene,577.95
Pennsylvania,Huntingdon,889.03
Pennsylvania,Indiana,834.29
Pennsylvania,Jefferson,656.87
Pennsylvania,Juniata,393.57
Pennsylvania,Lackawanna,464.51
Pennsylvania,Lancaster,983.81
Pennsylvania,Lawrence,362.76
Pennsylvania,Lebanon,362.6
Pennsylvania,Lehigh,348.34
Pennsylvania,Luzerne,907.13
Pennsylvania,Lycoming,1243.77
Pennsylvania,McKean,984.17
Pennsylvania,Mercer,682.57
Pennsylvania,Mifflin,414.6
Pennsylvania,Monroe,617.42
Pennsylvania,Montgomery,487.45
Pennsylvania,Montour,132.3
Pennsylvania,Northampton,377.36
Pennsylvania,Northumberland,477.38
Pennsylvania,Perry,555.77
Pennsylvania,Philadelphia,142.64
Pennsylvania,Pike,566.64
Pennsylvania,Potter,1081.42
Pennsylvania,Schuylkill,782.61
Pennsylvania,Snyder,332.16
Pennsylvania,Somerset,1081.17
Pennsylvania,Sullivan,452.35
Pennsylvania,Susquehanna,832.4
Pennsylvania,Tioga,1137.3
Pennsylvania,Union,317.12
Pennsylvania,Venango,683.02
Pennsylvania,Warren,897.81
Pennsylvania,Washington,860.95
Pennsylvania,Wayne,750.54
Pennsylvania,Westmoreland,1036.34
Pennsylvania,Wyoming,404.79
Pennsylvania,York,910.25
Rhode Island,Bristol,44.71
Rhode Island,Kent,188.1
Rhode Island,Newport,313.64
Rhode Island,Providence,435.82
Rhode Island,Washington,562.77
South Carolina,Abbeville,511.05
South Carolina,Aiken,1080.46
South Carolina,Allendale,412.58
South Carolina,Anderson,757.45
South Carolina,Bamberg,395.47
South Carolina,Barnwell,557.25
South Carolina,Beaufort,922.88
South Carolina,Berkeley,1228.07
South Carolina,Calhoun,392.34
South Carolina,Charleston,1358.11
South Carolina,Cherokee,397.28
South Carolina,Chester,586.16
South Carolina,Chesterfield,805.78
South Carolina,Clarendon,695.66
South Carolina,Colleton,1133.21
South Carolina,Darlington,566.78
South Carolina,Dillon,406.54
South Carolina,Dorchester,576.69
South Carolina,Edgefield,506.54
South Carolina,Fairfield,709.93
South Carolina,Florence,803.74
South Carolina,Georgetown,1035
South Carolina,Greenville,794.96
South Carolina,Greenwood,462.94
South Carolina,Hampton,562.63
South Carolina,Horry,1254.96
South Carolina,Jasper,699.79
South Carolina,Kershaw,740.25
South Carolina,Lancaster,555.29
South Carolina,Laurens,723.98
South Carolina,Lee,411.3
South Carolina,Lexington,757.88
South Carolina,Marion,494.09
South Carolina,Marlboro,485.28
South Carolina,McCormick,393.85
South Carolina,Newberry,647.28
South Carolina,Oconee,673.58
South Carolina,Orangeburg,1128.09
South Carolina,Pickens,511.85
South Carolina,Richland,771.72
South Carolina,Saluda,461.78
South Carolina,Spartanburg,819.14
South Carolina,Sumter,682.03
South Carolina,Union,515.92
South Carolina,Williamsburg,936.92
South Carolina,York,695.72
South Dakota,Aurora,712.53
South Dakota,Beadle,1264.82
South Dakota,Bennett,1190.59
South Dakota,Bon Homme,581.32
South Dakota,Brookings,804.76
South Dakota,Brown,1731.21
South Dakota,Brule,846.49
South Dakota,Buffalo,487.43
South Dakota,Butte,2266.36
South Dakota,Campbell,771.34
South Dakota,Charles Mix,1150.19
South Dakota,Clark,967.79
South Dakota,Clay,416.7
South Dakota,Codington,717.08
South Dakota,Corson,2529.42
South Dakota,Custer,1559.14
South Dakota,Davison,436.78
South Dakota,Day,1091.21
South Dakota,Deuel,636.72
South Dakota,Dewey,2445.67
South Dakota,Douglas,434.13
South Dakota,Edmunds,1151.16
South Dakota,Fall River,1749.14
South Dakota,Faulk,1005.69
South Dakota,Grant,687.91
South Dakota,Gregory,1053.45
South Dakota,Haakon,1827.22
South Dakota,Hamlin,537.96
South Dakota,Hand,1440.21
South Dakota,Hanson,435.64
South Dakota,Harding,2677.58
South Dakota,Hughes,800.29
South Dakota,Hutchinson,814.37
South Dakota,Hyde,866.59
South Dakota,Jackson,1871.24
South Dakota,Jerauld,532.63
South Dakota,Jones,971.66
South Dakota,Kingsbury,863.67
South Dakota,Lake,575.06
South Dakota,Lawrence,800.31
South Dakota,Lincoln,578.59
South Dakota,Lyman,1707.06
South Dakota,Marshall,885.63
South Dakota,McCook,577.16
South Dakota,McPherson,1151.85
South Dakota,Meade,3482.46
South Dakota,Mellette,1309.75
South Dakota,Miner,571.99
South Dakota,Minnehaha,813.69
South Dakota,Moody,521.1
South Dakota,Pennington,2784.31
South Dakota,Perkins,2890.71
South Dakota,Potter,898.43
South Dakota,Roberts,1135.35
South Dakota,Sanborn,570.21
South Dakota,Shannon,2096.65
South Dakota,Spink,1510.05
South Dakota,Stanley,1516.99
South Dakota,Sully,1070.36
South Dakota,Todd,1390.9
South Dakota,Tripp,1617.4
South Dakota,Turner,617.45
South Dakota,Union,467.08
South Dakota,Walworth,744.22
South Dakota,Yankton,532.62
South Dakota,Ziebach,1971.05
Tennessee,Anderson,344.82
Tennessee,Bedford,474.83
Tennessee,Benton,436.2
Tennessee,Bledsoe,406.71
Tennessee,Blount,566.65
Tennessee,Bradley,331.5
Tennessee,Campbell,498.25
Tennessee,Cannon,265.71
Tennessee,Carroll,599.86
Tennessee,Carter,347.62
Tennessee,Cheatham,307.13
Tennessee,Chester,288.74
Tennessee,Claiborne,441.55
Tennessee,Clay,259.25
Tennessee,Cocke,443.15
Tennessee,Coffee,434.46
Tennessee,Crockett,265.47
Tennessee,Cumberland,684.95
Tennessee,Davidson,526.11
Tennessee,Decatur,344.91
Tennessee,DeKalb,328.98
Tennessee,Dickson,491.28
Tennessee,Dyer,526.48
Tennessee,Fayette,706.23
Tennessee,Fentress,498.97
Tennessee,Franklin,575.77
Tennessee,Gibson,603.59
Tennessee,Giles,611.17
Tennessee,Grainger,302.44
Tennessee,Greene,624.11
Tennessee,Grundy,361.14
Tennessee,Hamblen,175.77
Tennessee,Hamilton,575.72
Tennessee,Hancock,223.5
Tennessee,Hardeman,670.39
Tennessee,Hardin,596.31
Tennessee,Hawkins,499.63
Tennessee,Haywood,534.15
Tennessee,Henderson,525.91
Tennessee,Henry,593.45
Tennessee,Hickman,612.7
Tennessee,Houston,206.92
Tennessee,Humphreys,556.72
Tennessee,Jackson,319.56
Tennessee,Jefferson,314.33
Tennessee,Johnson,302.73
Tennessee,Knox,525.78
Tennessee,Lake,193.79
Tennessee,Lauderdale,507.14
Tennessee,Lawrence,617.91
Tennessee,Lewis,282.48
Tennessee,Lincoln,570.63
Tennessee,Loudon,247.31
Tennessee,Macon,307.19
Tennessee,Madison,558.63
Tennessee,Marion,512.32
Tennessee,Marshall,376.1
Tennessee,Maury,615.52
Tennessee,McMinn,432.22
Tennessee,McNairy,560.84
Tennessee,Meigs,216.78
Tennessee,Monroe,652.58
Tennessee,Montgomery,543.84
Tennessee,Moore,130.38
Tennessee,Morgan,522.4
Tennessee,Obion,555.35
Tennessee,Overton,434.82
Tennessee,Perry,422.9
Tennessee,Pickett,174.58
Tennessee,Polk,442.35
Tennessee,Putnam,402.56
Tennessee,Rhea,336.39
Tennessee,Roane,394.98
Tennessee,Robertson,476.67
Tennessee,Rutherford,623.94
Tennessee,Scott,533.22
Tennessee,Sequatchie,266.02
Tennessee,Sevier,597.73
Tennessee,Shelby,783.63
Tennessee,Smith,325.35
Tennessee,Stewart,493.2
Tennessee,Sullivan,429.69
Tennessee,Sumner,543.12
Tennessee,Tipton,474.72
Tennessee,Trousdale,116.64
Tennessee,Unicoi,186.49
Tennessee,Union,247.13
Tennessee,Van Buren,274.59
Tennessee,Warren,434.08
Tennessee,Washington,329.8
Tennessee,Wayne,735.59
Tennessee,Weakley,581.81
Tennessee,White,379.39
Tennessee,Williamson,583.62
Tennessee,Wilson,583.2
Texas,Anderson,1077.95
Texas,Andrews,1500.99
Texas,Angelina,864.45
Texas,Aransas,527.95
Texas,Archer,925.78
Texas,Armstrong,913.81
Texas,Atascosa,1235.61
Texas,Austin,656.37
Texas,Bailey,827.38
Texas,Bandera,797.54
Texas,Bastrop,895.92
Texas,Baylor,901.01
Texas,Bee,880.31
Texas,Bell,1087.93
Texas,Bexar,1256.66
Texas,Blanco,713.41
Texas,Borden,906.04
Texas,Bosque,1002.63
Texas,Bowie,922.77
Texas,Brazoria,1597.44
Texas,Brazos,590.29
Texas,Brewster,6192.78
Texas,Briscoe,901.59
Texas,Brooks,943.61
Texas,Brown,956.94
Texas,Burleson,677.78
Texas,Burnet,1020.96
Texas,Caldwell,547.41
Texas,Calhoun,1032.16
Texas,Callahan,901.26
Texas,Cameron,1276.33
Texas,Camp,203.2
Texas,Carson,924.1
Texas,Cass,960.35
Texas,Castro,899.32
Texas,Chambers,871.99
Texas,Cherokee,1061.93
Texas,Childress,713.61
Texas,Clay,1116.17
Texas,Cochran,775.31
Texas,Coke,927.97
Texas,Coleman,1281.45
Texas,Collin,885.85
Texas,Collingsworth,919.44
Texas,Colorado,973.59
Texas,Comal,574.59
Texas,Comanche,947.67
Texas,Concho,993.69
Texas,Cooke,898.81
Texas,Coryell,1056.73
Texas,Cottle,901.59
Texas,Crane,785.59
Texas,Crockett,2807.43
Texas,Crosby,901.69
Texas,Culberson,3812.71
Texas,Dallam,1505.26
Texas,Dallas,908.56
Texas,Dawson,902.12
Texas,Deaf Smith,1498.26
Texas,Delta,277.92
Texas,Denton,957.88
Texas,DeWitt,910.47
Texas,Dickens,905.21
Texas,Dimmit,1334.48
Texas,Donley,933.05
Texas,Duval,1795.67
Texas,Eastland,931.9
Texas,Ector,901.68
Texas,Edwards,2119.95
Texas,El Paso,1014.68
Texas,Ellis,951.66
Texas,Erath,1089.8
Texas,Falls,773.81
Texas,Fannin,899.16
Texas,Fayette,959.84
Texas,Fisher,901.74
Texas,Floyd,992.51
Texas,Foard,707.69
Texas,Fort Bend,886.05
Texas,Franklin,294.77
Texas,Freestone,892.13
Texas,Frio,1134.28
Texas,Gaines,1502.84
Texas,Galveston,872.93
Texas,Garza,896.19
Texas,Gillespie,1061.48
Texas,Glasscock,900.93
Texas,Goliad,859.35
Texas,Gonzales,1069.82
Texas,Gray,929.25
Texas,Grayson,979.19
Texas,Gregg,276.37
Texas,Grimes,801.16
Texas,Guadalupe,714.17
Texas,Hale,1004.77
Texas,Hall,904.08
Texas,Hamilton,836.38
Texas,Hansford,920.4
Texas,Hardeman,697
Texas,Hardin,897.37
Texas,Harris,1777.69
Texas,Harrison,915.09
Texas,Hartley,1463.2
Texas,Haskell,910.25
Texas,Hays,679.79
Texas,Hemphill,912.06
Texas,Henderson,949
Texas,Hidalgo,1582.66
Texas,Hill,985.65
Texas,Hockley,908.55
Texas,Hood,436.8
Texas,Hopkins,792.74
Texas,Houston,1236.83
Texas,Howard,904.19
Texas,Hudspeth,4571.93
Texas,Hunt,882.02
Texas,Hutchinson,894.95
Texas,Irion,1051.59
Texas,Jack,920.11
Texas,Jackson,857.03
Texas,Jasper,969.62
Texas,Jeff Davis,2264.6
Texas,Jefferson,1111.26
Texas,Jim Hogg,1136.16
Texas,Jim Wells,868.22
Texas,Johnson,734.46
Texas,Jones,937.13
Texas,Karnes,753.58
Texas,Kaufman,806.81
Texas,Kendall,663.04
Texas,Kenedy,1945.6
Texas,Kent,902.91
Texas,Kerr,1107.66
Texas,Kimble,1250.92
Texas,King,913.33
Texas,Kinney,1365.31
Texas,Kleberg,1090.29
Texas,Knox,855.43
Texas,La Salle,1494.23
Texas,Lamar,932.47
Texas,Lamb,1017.73
Texas,Lampasas,713.96
Texas,Lavaca,970.35
Texas,Lee,634.03
Texas,Leon,1080.38
Texas,Liberty,1176.22
Texas,Limestone,933.15
Texas,Lipscomb,932.22
Texas,Live Oak,1078.83
Texas,Llano,966.18
Texas,Loving,676.85
Texas,Lubbock,900.7
Texas,Lynn,893.46
Texas,Madison,472.44
Texas,Marion,420.36
Texas,Martin,915.62
Texas,Mason,932.18
Texas,Matagorda,1612.19
Texas,Maverick,1291.74
Texas,McCulloch,1073.35
Texas,McLennan,1060.23
Texas,McMullen,1142.6
Texas,Medina,1334.53
Texas,Menard,902.25
Texas,Midland,901.97
Texas,Milam,1021.67
Texas,Mills,749.89
Texas,Mitchell,915.9
Texas,Montague,938.44
Texas,Montgomery,1076.81
Texas,Moore,909.61
Texas,Morris,258.64
Texas,Motley,989.81
Texas,Nacogdoches,981.33
Texas,Navarro,1086.17
Texas,Newton,939.51
Texas,Nolan,913.93
Texas,Nueces,1166.42
Texas,Ochiltree,918.07
Texas,Oldham,1501.42
Texas,Orange,379.54
Texas,Palo Pinto,985.5
Texas,Panola,821.34
Texas,Parker,910.09
Texas,Parmer,885.17
Texas,Pecos,4764.73
Texas,Polk,1109.81
Texas,Potter,921.98
Texas,Presidio,3856.26
Texas,Rains,258.87
Texas,Randall,922.42
Texas,Reagan,1175.98
Texas,Real,700.04
Texas,Red River,1057.61
Texas,Reeves,2641.95
Texas,Refugio,818.64
Texas,Roberts,924.19
Texas,Robertson,865.67
Texas,Rockwall,148.7
Texas,Runnels,1057.13
Texas,Rusk,938.62
Texas,Sabine,576.61
Texas,San Augustine,592.21
Texas,San Jacinto,627.9
Texas,San Patricio,707.06
Texas,San Saba,1138.25
Texas,Schleicher,1310.65
Texas,Scurry,907.53
Texas,Shackelford,915.54
Texas,Shelby,834.53
Texas,Sherman,923.2
Texas,Smith,949.45
Texas,Somervell,191.9
Texas,Starr,1229.28
Texas,Stephens,921.48
Texas,Sterling,923.49
Texas,Stonewall,920.23
Texas,Sutton,1454.4
Texas,Swisher,900.68
Texas,Tarrant,897.48
Texas,Taylor,919.25
Texas,Terrell,2357.75
Texas,Terry,890.93
Texas,Throckmorton,915.47
Texas,Titus,425.69
Texas,Tom Green,1540.54
Texas,Travis,1022.08
Texas,Trinity,714
Texas,Tyler,935.71
Texas,Upshur,592.67
Texas,Upton,1241.83
Texas,Uvalde,1558.6
Texas,Val Verde,3232.4
Texas,Van Zandt,859.48
Texas,Victoria,888.73
Texas,Walker,801.44
Texas,Waller,518.49
Texas,Ward,835.74
Texas,Washington,621.35
Texas,Webb,3375.53
Texas,Wharton,1094.43
Texas,Wheeler,915.34
Texas,Wichita,633.01
Texas,Wilbarger,978.1
Texas,Willacy,784.23
Texas,Williamson,1134.74
Texas,Wilson,808.57
Texas,Winkler,841.24
Texas,Wise,922.77
Texas,Wood,695.8
Texas,Yoakum,799.76
Texas,Young,930.84
Texas,Zapata,1058.1
Texas,Zavala,1301.72
United States,,3794083.06
Utah,Beaver,2592.28
Utah,Box Elder,6729.03
Utah,Cache,1173.07
Utah,Carbon,1484.57
Utah,Daggett,723.06
Utah,Davis,633.7
Utah,Duchesne,3255.97
Utah,Emery,4461.54
Utah,Garfield,5208.2
Utah,Grand,3694.08
Utah,Iron,3301.84
Utah,Juab,3406.28
Utah,Kane,4108.42
Utah,Millard,6828.01
Utah,Morgan,610.79
Utah,Piute,765.76
Utah,Rich,1086.29
Utah,Salt Lake,807.78
Utah,San Juan,7933.09
Utah,Sanpete,1602.66
Utah,Sevier,1918.28
Utah,Summit,1882.05
Utah,Tooele,7287.12
Utah,Uintah,4498.98
Utah,Utah,2140.98
Utah,Wasatch,1209.17
Utah,Washington,2429.91
Utah,Wayne,2466.47
Utah,Weber,659.46
Vermont,Addison,808.3
Vermont,Bennington,677.67
Vermont,Caledonia,657.52
Vermont,Chittenden,619.64
Vermont,Essex,673.75
Vermont,Franklin,692.02
Vermont,Grand Isle,194.67
Vermont,Lamoille,463.75
Vermont,Orange,691.74
Vermont,Orleans,721.14
Vermont,Rutland,944.77
Vermont,Washington,695.43
Vermont,Windham,798.12
Vermont,Windsor,975.74
Virginia,Accomack,1310.05
Virginia,Albemarle,726.18
Virginia,Alexandria,15.41
Virginia,Alleghany,445.67
Virginia,Amelia,358.54
Virginia,Amherst,478.78
Virginia,Appomattox,334.73
Virginia,Arlington,25.96
Virginia,Augusta,970.93
Virginia,Bath,534.56
Virginia,Bedford,769.25
Virginia,Bedford,6.9
Virginia,Bland,358.73
Virginia,Botetourt,545.94
Virginia,Bristol,13.16
Virginia,Brunswick,569.37
Virginia,Buchanan,503.88
Virginia,Buckingham,583.56
Virginia,Buena Vista,6.83
Virginia,Campbell,507.26
Virginia,Caroline,538.89
Virginia,Carroll,477.64
Virginia,Charles City,204.22
Virginia,Charlotte,477.44
Virginia,Charlottesville,10.26
Virginia,Chesapeake,350.9
Virginia,Chesterfield,436.99
Virginia,Clarke,178.19
Virginia,Clifton Forge,3.1
Virginia,Colonial Heights,7.79
Virginia,Covington,5.67
Virginia,Craig,330.61
Virginia,Culpeper,382.28
Virginia,Cumberland,299.73
Virginia,Danville,43.94
Virginia,Dickenson,333.63
Virginia,Dinwiddie,506.98
Virginia,Emporia,6.97
Virginia,Essex,285.91
Virginia,Fairfax,406.61
Virginia,Fairfax,6.31
Virginia,Falls Church,1.99
Virginia,Fauquier,651.42
Virginia,Floyd,381.23
Virginia,Fluvanna,290.21
Virginia,Franklin,711.56
Virginia,Franklin,8.4
Virginia,Frederick,415.62
Virginia,Fredericksburg,10.52
Virginia,Galax,8.23
Virginia,Giles,360.4
Virginia,Gloucester,288
Virginia,Goochland,289.99
Virginia,Grayson,445.9
Virginia,Greene,156.96
Virginia,Greensville,296.81
Virginia,Halifax,829.56
Virginia,Hampton,136.23
Virginia,Hanover,474.08
Virginia,Harrisonburg,17.59
Virginia,Henrico,244.6
Virginia,Henry,384.39
Virginia,Highland,415.86
Virginia,Hopewell,10.82
Virginia,Isle of Wight,362.76
Virginia,James City,179.71
Virginia,King and Queen,326.33
Virginia,King George,187.79
Virginia,King William,285.65
Virginia,Lancaster,231.35
Virginia,Lee,437.32
Virginia,Lexington,2.49
Virginia,Loudoun,521.1
Virginia,Louisa,510.79
Virginia,Lunenburg,432.38
Virginia,Lynchburg,49.76
Virginia,Madison,321.78
Virginia,Manassas,9.96
Virginia,Manassas Park,2.49
Virginia,Martinsville,11.01
Virginia,Mathews,251.96
Virginia,Mecklenburg,679.29
Virginia,Middlesex,210.75
Virginia,Montgomery,389.43
Virginia,Nelson,474.31
Virginia,New Kent,223.48
Virginia,Newport News,119.05
Virginia,Norfolk,96.3
Virginia,Northampton,795.34
Virginia,Northumberland,285.67
Virginia,Norton,7.53
Virginia,Nottoway,316.1
Virginia,Orange,343.41
Virginia,Page,314.09
Virginia,Patrick,485.87
Virginia,Petersburg,23.19
Virginia,Pittsylvania,978.18
Virginia,Poquoson,78.43
Virginia,Portsmouth,46.62
Virginia,Powhatan,262.4
Virginia,Prince Edward,353.85
Virginia,Prince George,281.85
Virginia,Prince William,348.36
Virginia,Pulaski,329.59
Virginia,Radford,10.19
Virginia,Rappahannock,266.83
Virginia,Richmond,216.38
Virginia,Richmond,62.55
Virginia,Roanoke,251.04
Virginia,Roanoke,42.91
Virginia,Rockbridge,600.98
Virginia,Rockingham,853.29
Virginia,Russell,476.77
Virginia,Salem,14.59
Virginia,Scott,538.63
Virginia,Shenandoah,512.53
Virginia,Smyth,452.31
Virginia,South Boston,0
Virginia,Southampton,602.35
Virginia,Spotsylvania,412.27
Virginia,Stafford,279.95
Virginia,Staunton,19.71
Virginia,Suffolk,429.07
Virginia,Surry,310.31
Virginia,Sussex,492.83
Virginia,Tazewell,519.89
Virginia,Virginia Beach,497.33
Virginia,Warren,216.32
Virginia,Washington,565.98
Virginia,Waynesboro,15.38
Virginia,Westmoreland,252.64
Virginia,Williamsburg,8.67
Virginia,Winchester,9.33
Virginia,Wise,405.22
Virginia,Wythe,464.62
Virginia,York,215.52
Washington,Adams,1929.69
Washington,Asotin,640.69
Washington,Benton,1760.12
Washington,Chelan,2993.62
Washington,Clallam,2670.34
Washington,Clark,656.22
Washington,Columbia,873.53
Washington,Cowlitz,1166.33
Washington,Douglas,1848.69
Washington,Ferry,2257.46
Washington,Franklin,1265.35
Washington,Garfield,718.19
Washington,Grant,2791.29
Washington,Grays Harbor,2224.44
Washington,Island,517.39
Washington,Jefferson,2183.52
Washington,King,2306.53
Washington,Kitsap,565.98
Washington,Kittitas,2333.11
Washington,Klickitat,1904.18
Washington,Lewis,2436.26
Washington,Lincoln,2339.71
Washington,Mason,1051.03
Washington,Okanogan,5315.16
Washington,Pacific,1223.5
Washington,Pend Oreille,1425.32
Washington,Pierce,1806.5
Washington,San Juan,621.07
Washington,Skagit,1920.47
Washington,Skamania,1683.86
Washington,Snohomish,2196.41
Washington,Spokane,1780.72
Washington,Stevens,2540.64
Washington,Thurston,773.64
Washington,Wahkiakum,286.69
Washington,Walla Walla,1299.25
Washington,Whatcom,2503.55
Washington,Whitman,2177.6
Washington,Yakima,4311.61
West Virginia,Barbour,342.75
West Virginia,Berkeley,321.58
West Virginia,Boone,503.18
West Virginia,Braxton,516.17
West Virginia,Brooke,92.26
West Virginia,Cabell,288.02
West Virginia,Calhoun,280.64
West Virginia,Clay,343.82
West Virginia,Doddridge,320.48
West Virginia,Fayette,668.36
West Virginia,Gilmer,340.07
West Virginia,Grant,480.19
West Virginia,Greenbrier,1024.43
West Virginia,Hampshire,644.62
West Virginia,Hancock,88.35
West Virginia,Hardy,584.48
West Virginia,Harrison,416.6
West Virginia,Jackson,471.59
West Virginia,Jefferson,211.57
West Virginia,Kanawha,910.99
West Virginia,Lewis,389.75
West Virginia,Lincoln,438.59
West Virginia,Logan,455.61
West Virginia,Marion,311.49
West Virginia,Marshall,312.18
West Virginia,Mason,444.8
West Virginia,McDowell,534.9
West Virginia,Mercer,420.69
West Virginia,Mineral,329.13
West Virginia,Mingo,423.64
West Virginia,Monongalia,365.89
West Virginia,Monroe,473.66
West Virginia,Morgan,229.67
West Virginia,Nicholas,654.4
West Virginia,Ohio,108.86
West Virginia,Pendleton,698.15
West Virginia,Pleasants,134.59
West Virginia,Pocahontas,941.85
West Virginia,Preston,651.39
West Virginia,Putnam,350.4
West Virginia,Raleigh,609.34
West Virginia,Randolph,1039.92
West Virginia,Ritchie,453.58
West Virginia,Roane,483.75
West Virginia,Summers,367.72
West Virginia,Taylor,175.69
West Virginia,Tucker,421.11
West Virginia,Tyler,260.69
West Virginia,Upshur,354.86
West Virginia,Wayne,512.19
West Virginia,Webster,556.15
West Virginia,Wetzel,361.37
West Virginia,Wirt,234.83
West Virginia,Wood,376.94
West Virginia,Wyoming,501.82
Wisconsin,Adams,688.51
Wisconsin,Ashland,2293.73
Wisconsin,Barron,890.02
Wisconsin,Bayfield,2041.53
Wisconsin,Brown,615.42
Wisconsin,Buffalo,709.58
Wisconsin,Burnett,880.38
Wisconsin,Calumet,397.03
Wisconsin,Chippewa,1041.32
Wisconsin,Clark,1219.08
Wisconsin,Columbia,795.7
Wisconsin,Crawford,599.22
Wisconsin,Dane,1238.32
Wisconsin,Dodge,906.99
Wisconsin,Door,2369.83
Wisconsin,Douglas,1479.91
Wisconsin,Dunn,863.91
Wisconsin,Eau Claire,645.28
Wisconsin,Florence,497.46
Wisconsin,Fond du Lac,765.8
Wisconsin,Forest,1046.4
Wisconsin,Grant,1183.31
Wisconsin,Green,584.56
Wisconsin,Green Lake,380.44
Wisconsin,Iowa,768.08
Wisconsin,Iron,919.24
Wisconsin,Jackson,1000.11
Wisconsin,Jefferson,582.75
Wisconsin,Juneau,804.13
Wisconsin,Kenosha,754.31
Wisconsin,Kewaunee,1084.52
Wisconsin,La Crosse,479.92
Wisconsin,Lafayette,634.56
Wisconsin,Langlade,887.88
Wisconsin,Lincoln,907.05
Wisconsin,Manitowoc,1493.87
Wisconsin,Marathon,1576.14
Wisconsin,Marinette,1550.07
Wisconsin,Marquette,464.42
Wisconsin,Menominee,364.99
Wisconsin,Milwaukee,1189.7
Wisconsin,Monroe,908.29
Wisconsin,Oconto,1149.04
Wisconsin,Oneida,1235.88
Wisconsin,Outagamie,644.4
Wisconsin,Ozaukee,1116.2
Wisconsin,Pepin,248.68
Wisconsin,Pierce,591.59
Wisconsin,Polk,956.28
Wisconsin,Portage,822.76
Wisconsin,Price,1278.43
Wisconsin,Racine,791.9
Wisconsin,Richland,589.38
Wisconsin,Rock,726.2
Wisconsin,Rusk,930.89
Wisconsin,Sauk,848.43
Wisconsin,Sawyer,1350.32
Wisconsin,Shawano,909.33
Wisconsin,Sheboygan,1270.97
Wisconsin,St. Croix,735.81
Wisconsin,Taylor,984.49
Wisconsin,Trempealeau,741.98
Wisconsin,Vernon,816.41
Wisconsin,Vilas,1017.85
Wisconsin,Walworth,576.5
Wisconsin,Washburn,853.06
Wisconsin,Washington,435.89
Wisconsin,Waukesha,580.48
Wisconsin,Waupaca,765.33
Wisconsin,Waushara,637.39
Wisconsin,Winnebago,578.7
Wisconsin,Wood,809.46
Wyoming,Albany,4308.79
Wyoming,Big Horn,3158.96
Wyoming,Campbell,4801.56
Wyoming,Carbon,7964.03
Wyoming,Converse,4265.1
Wyoming,Crook,2870.52
Wyoming,Fremont,9265.8
Wyoming,Goshen,2232.16
Wyoming,Hot Springs,2006.21
Wyoming,Johnson,4174.71
Wyoming,Laramie,2687.63
Wyoming,Lincoln,4089.01
Wyoming,Natrona,5375.72
Wyoming,Niobrara,2627.9
Wyoming,Park,6968.51
Wyoming,Platte,2110.9
Wyoming,Sheridan,2527.07
Wyoming,Sublette,4935.66
Wyoming,Sweetwater,10491.17
Wyoming,Teton,4221.8
Wyoming,Uinta,2087.56
Wyoming,Washakie,2242.75
Wyoming,Weston,2400.07