State,Area,2019 Gross Domestic Product (Thousands of Chained (2012) Dollars))
Alabama,,200829359
Autauga,AlabamaAutauga,1501769
Baldwin,AlabamaBaldwin,6140514
Barbour,AlabamaBarbour,762856
Bibb,AlabamaBibb,389547
Blount,AlabamaBlount,869049
Bullock,AlabamaBullock,246089
Butler,AlabamaButler,601174
Calhoun,AlabamaCalhoun,4050073
Chambers,AlabamaChambers,819345
Cherokee,AlabamaCherokee,531160
Chilton,AlabamaChilton,929435
Choctaw,AlabamaChoctaw,540271
Clarke,AlabamaClarke,770838
Clay,AlabamaClay,395198
Cleburne,AlabamaCleburne,276518
Coffee,AlabamaCoffee,1344913
Colbert,AlabamaColbert,2375926
Conecuh,AlabamaConecuh,461600
Coosa,AlabamaCoosa,174730
Covington,AlabamaCovington,1121281
Crenshaw,AlabamaCrenshaw,431331
Cullman,AlabamaCullman,2581754
Dale,AlabamaDale,2638931
Dallas,AlabamaDallas,1193935
DeKalb,AlabamaDeKalb,1879778
Elmore,AlabamaElmore,1709071
Escambia,AlabamaEscambia,1244239
Etowah,AlabamaEtowah,2915965
Fayette,AlabamaFayette,343241
Franklin,AlabamaFranklin,948279
Geneva,AlabamaGeneva,534804
Greene,AlabamaGreene,244098
Hale,AlabamaHale,272988
Henry,AlabamaHenry,410939
Houston,AlabamaHouston,4906396
Jackson,AlabamaJackson,1405878
Jefferson,AlabamaJefferson,41359665
Lamar,AlabamaLamar,329681
Lauderdale,AlabamaLauderdale,2440671
Lawrence,AlabamaLawrence,506829
Lee,AlabamaLee,5265738
Limestone,AlabamaLimestone,3268954
Lowndes,AlabamaLowndes,412296
Macon,AlabamaMacon,506149
Madison,AlabamaMadison,22979842
Marengo,AlabamaMarengo,686093
Marion,AlabamaMarion,831902
Marshall,AlabamaMarshall,3199310
Mobile,AlabamaMobile,18484941
Monroe,AlabamaMonroe,699127
Montgomery,AlabamaMontgomery,12552254
Morgan,AlabamaMorgan,5320638
Perry,AlabamaPerry,217199
Pickens,AlabamaPickens,404838
Pike,AlabamaPike,1270861
Randolph,AlabamaRandolph,475636
Russell,AlabamaRussell,1346443
St.Clair,AlabamaSt.Clair,1794101
Shelby,AlabamaShelby,10075696
Sumter,AlabamaSumter,326968
Talladega,AlabamaTalladega,3031903
Tallapoosa,AlabamaTallapoosa,1258097
Tuscaloosa,AlabamaTuscaloosa,10123989
Walker,AlabamaWalker,1778581
Washington,AlabamaWashington,791030
Wilcox,AlabamaWilcox,419477
Winston,AlabamaWinston,686336
,,
Alaska,,53255221
Aleutians,AlaskaAleutians,218523
Aleutians,AlaskaAleutians,396409
Anchorage,AlaskaAnchorage,20827222
Bethel,AlaskaBethel,693164
Bristol,AlaskaBristol,134856
Denali,AlaskaDenali,250964
Dillingham,AlaskaDillingham,254343
Fairbanks,AlaskaFairbanks,5217255
Haines,AlaskaHaines,105192
Hoonah-Angoon,AlaskaHoonah-Angoon,95817
Juneau,AlaskaJuneau,2254614
Kenai,AlaskaKenai,2962394
Ketchikan,AlaskaKetchikan,832093
Kodiak,AlaskaKodiak,719261
Kusilvak,AlaskaKusilvak,155070
Lake,AlaskaLake,93623
Matanuska-Susitna,AlaskaMatanuska-Susitna,2412574
Nome,AlaskaNome,421324
North,AlaskaNorth,10534598
Northwest,AlaskaNorthwest,653068
Petersburg,AlaskaPetersburg,193395
Prince,AlaskaPrince,262374
Sitka,AlaskaSitka,453860
Skagway,AlaskaSkagway,111305
Southeast,AlaskaSoutheast,582719
Valdez-Cordova,AlaskaValdez-Cordova,1804363
Wrangell,AlaskaWrangell,93999
Yakutat,AlaskaYakutat,29730
Yukon-Koyukuk,AlaskaYukon-Koyukuk,285633
,,
Arizona,,323597570
Apache,ArizonaApache,2490196
Cochise,ArizonaCochise,4589330
Coconino,ArizonaCoconino,6764676
Gila,ArizonaGila,1941036
Graham,ArizonaGraham,1067613
Greenlee,ArizonaGreenlee,1799562
La,ArizonaLa,697076
Maricopa,ArizonaMaricopa,229821077
Mohave,ArizonaMohave,5200986
Navajo,ArizonaNavajo,3020876
Pima,ArizonaPima,42169490
Pinal,ArizonaPinal,7640162
Santa,ArizonaSanta,1819009
Yavapai,ArizonaYavapai,6592236
Yuma,ArizonaYuma,7926771
,,
Arkansas,,117447079
Arkansas,ArkansasArkansas,999154
Ashley,ArkansasAshley,793585
Baxter,ArkansasBaxter,1345778
Benton,ArkansasBenton,13506569
Boone,ArkansasBoone,1205065
Bradley,ArkansasBradley,321376
Calhoun,ArkansasCalhoun,344725
Carroll,ArkansasCarroll,775593
Chicot,ArkansasChicot,272981
Clark,ArkansasClark,738073
Clay,ArkansasClay,327370
Cleburne,ArkansasCleburne,852229
Cleveland,ArkansasCleveland,125819
Columbia,ArkansasColumbia,900757
Conway,ArkansasConway,919314
Craighead,ArkansasCraighead,4245979
Crawford,ArkansasCrawford,1502387
Crittenden,ArkansasCrittenden,1758263
Cross,ArkansasCross,447475
Dallas,ArkansasDallas,212475
Desha,ArkansasDesha,561498
Drew,ArkansasDrew,596119
Faulkner,ArkansasFaulkner,3576218
Franklin,ArkansasFranklin,435145
Fulton,ArkansasFulton,176524
Garland,ArkansasGarland,3031464
Grant,ArkansasGrant,385667
Greene,ArkansasGreene,1304184
Hempstead,ArkansasHempstead,863560
Hot,ArkansasHot,903438
Howard,ArkansasHoward,553314
Independence,ArkansasIndependence,1664209
Izard,ArkansasIzard,277269
Jackson,ArkansasJackson,674212
Jefferson,ArkansasJefferson,2887373
Johnson,ArkansasJohnson,646733
Lafayette,ArkansasLafayette,150537
Lawrence,ArkansasLawrence,420163
Lee,ArkansasLee,193279
Lincoln,ArkansasLincoln,244632
Little,ArkansasLittle,531066
Logan,ArkansasLogan,507367
Lonoke,ArkansasLonoke,1157468
Madison,ArkansasMadison,351304
Marion,ArkansasMarion,546004
Miller,ArkansasMiller,1250953
Mississippi,ArkansasMississippi,2544776
Monroe,ArkansasMonroe,194994
Montgomery,ArkansasMontgomery,123868
Nevada,ArkansasNevada,249796
Newton,ArkansasNewton,98983
Ouachita,ArkansasOuachita,596621
Perry,ArkansasPerry,140107
Phillips,ArkansasPhillips,506307
Pike,ArkansasPike,234528
Poinsett,ArkansasPoinsett,600795
Polk,ArkansasPolk,498017
Pope,ArkansasPope,2622224
Prairie,ArkansasPrairie,180208
Pulaski,ArkansasPulaski,26139380
Randolph,ArkansasRandolph,438924
St.Francis,ArkansasSt.Francis,694742
Saline,ArkansasSaline,2118096
Scott,ArkansasScott,258346
Searcy,ArkansasSearcy,156717
Sebastian,ArkansasSebastian,6028844
Sevier,ArkansasSevier,449993
Sharp,ArkansasSharp,327611
Stone,ArkansasStone,226877
Union,ArkansasUnion,2542988
Van,ArkansasVan,642924
Washington,ArkansasWashington,10010084
White,ArkansasWhite,2231720
Woodruff,ArkansasWoodruff,232079
Yell,ArkansasYell,537243
,,
California,,2800505405
Alameda,CaliforniaAlameda,129708807
Alpine,CaliforniaAlpine,114254
Amador,CaliforniaAmador,1786635
Butte,CaliforniaButte,9897121
Calaveras,CaliforniaCalaveras,1589059
Colusa,CaliforniaColusa,1514361
Contra,CaliforniaContra,76522619
Del,CaliforniaDel,842938
El,CaliforniaEl,7967457
Fresno,CaliforniaFresno,46009312
Glenn,CaliforniaGlenn,1310042
Humboldt,CaliforniaHumboldt,5974402
Imperial,CaliforniaImperial,8980597
Inyo,CaliforniaInyo,1261469
Kern,CaliforniaKern,51416782
Kings,CaliforniaKings,6609432
Lake,CaliforniaLake,2189985
Lassen,CaliforniaLassen,1262036
Los,CaliforniaLos,726943301
Madera,CaliforniaMadera,6740169
Marin,CaliforniaMarin,23795829
Mariposa,CaliforniaMariposa,862546
Mendocino,CaliforniaMendocino,3856796
Merced,CaliforniaMerced,10383485
Modoc,CaliforniaModoc,460751
Mono,CaliforniaMono,1162497
Monterey,CaliforniaMonterey,27581259
Napa,CaliforniaNapa,10283597
Nevada,CaliforniaNevada,4428088
Orange,CaliforniaOrange,233323465
Placer,CaliforniaPlacer,21531825
Plumas,CaliforniaPlumas,1245201
Riverside,CaliforniaRiverside,82105026
Sacramento,CaliforniaSacramento,88620397
SanBenito,CaliforniaSanBenito,2363094
SanBernardino,CaliforniaSanBernardino,89779198
SanDiego,CaliforniaSanDiego,222272562
SanFrancisco,CaliforniaSanFrancisco,178505659
SanJoaquin,CaliforniaSanJoaquin,30486439
SanLuis,CaliforniaSanLuis,16660813
SanMateo,CaliforniaSanMateo,121697163
Santa,CaliforniaSanta,28411698
Santa,CaliforniaSanta,318100028
Santa,CaliforniaSanta,14407444
Shasta,CaliforniaShasta,8412829
Sierra,CaliforniaSierra,112020
Siskiyou,CaliforniaSiskiyou,1933447
Solano,CaliforniaSolano,22637944
Sonoma,CaliforniaSonoma,29064200
Stanislaus,CaliforniaStanislaus,23715709
Sutter,CaliforniaSutter,3762601
Tehama,CaliforniaTehama,2276824
Trinity,CaliforniaTrinity,452982
Tulare,CaliforniaTulare,19350581
Tuolumne,CaliforniaTuolumne,2793179
Ventura,CaliforniaVentura,48496595
Yolo,CaliforniaYolo,14390599
Yuba,CaliforniaYuba,3345409
,,
Colorado,,356280157
Adams,,26546174
Alamosa,,743667
Arapahoe,,45195128
Archuleta,,513301
Baca,,136902
Bent,,161542
Boulder,,27509931
Broomfield,,6845862
Chaffee,,771206
Cheyenne,,188959
Clear,,536671
Conejos,,254561
Costilla,,101636
Crowley,,154568
Custer,,125966
Delta,,853431
Denver,,72850983
Dolores,,147006
Douglas,,17543547
Eagle,,3600716
Elbert,,604651
El,,33392451
Fremont,,1397253
Garfield,,4103095
Gilpin,,518503
Grand,,807296
Gunnison,,1094683
Hinsdale,,44766
Huerfano,,292627
Jackson,,128935
Jefferson,,30704185
Kiowa,,80388
Kit,,411638
Lake,,331681
La,,3317742
Larimer,,18267696
Las,,739862
Lincoln,,362619
Logan,,1142534
Mesa,,6214937
Mineral,,66191
Moffat,,987687
Montezuma,,1823637
Montrose,,1500154
Morgan,,1661295
Otero,,645407
Ouray,,224978
Park,,454820
Phillips,,208315
Pitkin,,2030163
Prowers,,632801
Pueblo,,6268022
Rio,,740595
Rio,,511851
Routt,,1742862
Saguache,,255110
SanJuan,,36973
SanMiguel,,607613
Sedgwick,,99198
Summit,,2363993
Teller,,931220
Washington,,202411
Weld,,22020305
Yuma,,648523
,,
Connecticut,,251329845
Fairfield,,79854813
Hartford,,79962243
Litchfield,,7604383
Middlesex,,8679288
New,,48368218
New,,17344547
Tolland,,4908348
Windham,,4688643
,,
Delaware,,64319262
Kent,,7274755
New,,45494166
Sussex,,11602065
,,
District,,123929268
,,
Florida,,963255865
Alachua,,12914477
Baker,,559561
Bay,,7772152
Bradford,,668271
Brevard,,24619760
Broward,,99909302
Calhoun,,253914
Charlotte,,4952728
Citrus,,3879314
Clay,,4858684
Collier,,16351772
Columbia,,2228549
DeSoto,,1014538
Dixie,,289624
Duval,,60169891
Escambia,,14931928
Flagler,,2221979
Franklin,,381839
Gadsden,,1276171
Gilchrist,,355242
Glades,,320686
Gulf,,410310
Hamilton,,492817
Hardee,,1023242
Hendry,,1314540
Hernando,,3971573
Highlands,,2626612
Hillsborough,,84884933
Holmes,,338550
Indian,,5966999
Jackson,,1408654
Jefferson,,293810
Lafayette,,171278
Lake,,8468770
Lee,,28207575
Leon,,14357206
Levy,,933042
Liberty,,214226
Madison,,434847
Manatee,,13354224
Marion,,9331478
Martin,,7113457
Miami-Dade,,151587328
Monroe,,4523546
Nassau,,2397438
Okaloosa,,11156453
Okeechobee,,1577307
Orange,,90245169
Osceola,,9053658
Palm,,75635325
Pasco,,11638076
Pinellas,,47873967
Polk,,24837880
Putnam,,2066592
St.Johns,,7778133
St.Lucie,,8431479
Santa,,4137020
Sarasota,,18382610
Seminole,,20654326
Sumter,,2690053
Suwannee,,1258570
Taylor,,766755
Union,,272507
Volusia,,17063419
Wakulla,,692619
Walton,,2775045
Washington,,524311
,,
Georgia,,547422652
Appling,,1427791
Atkinson,,256536
Bacon,,353246
Baker,,88111
Baldwin,,1246391
Banks,,405737
Barrow,,1930607
Bartow,,4408132
Ben,,505476
Berrien,,381773
Bibb,,8213443
Bleckley,,248980
Brantley,,235447
Brooks,,369215
Bryan,,859218
Bulloch,,2173735
Burke,,2811746
Butts,,609056
Calhoun,,140142
Camden,,1822567
Candler,,256331
Carroll,,4253711
Catoosa,,1420539
Charlton,,190432
Chatham,,16996540
Chattahoochee,,1345383
Chattooga,,598372
Cherokee,,6514858
Clarke,,7083717
Clay,,88363
Clayton,,17247201
Clinch,,249282
Cobb,,49217819
Coffee,,1466173
Colquitt,,1427794
Columbia,,3449629
Cook,,359989
Coweta,,4062990
Crawford,,144163
Crisp,,867318
Dade,,372780
Dawson,,779587
Decatur,,848450
DeKalb,,37825628
Dodge,,437600
Dooly,,433645
Dougherty,,4384137
Douglas,,4077448
Early,,541155
Echols,,40209
Effingham,,1682932
Elbert,,573063
Emanuel,,680882
Evans,,377492
Fannin,,670127
Fayette,,4669141
Floyd,,3960973
Forsyth,,8382170
Franklin,,844841
Fulton,,159931648
Gilmer,,817723
Glascock,,34369
Glynn,,3769083
Gordon,,2140067
Grady,,669070
Greene,,622601
Gwinnett,,44283783
Habersham,,1399929
Hall,,9535290
Hancock,,160352
Haralson,,740273
Harris,,534151
Hart,,816669
Heard,,1156627
Henry,,5744251
Houston,,6347031
Irwin,,214945
Jackson,,2832812
Jasper,,250974
Jeff,,392489
Jefferson,,544699
Jenkins,,167966
Johnson,,134712
Jones,,397867
Lamar,,387637
Lanier,,120067
Laurens,,1728031
Lee,,684178
Liberty,,3188935
Lincoln,,132433
Long,,115741
Lowndes,,4643519
Lumpkin,,699197
McDuffie,,637332
McIntosh,,185905
Macon,,504344
Madison,,472237
Marion,,107031
Meriwether,,574736
Miller,,214968
Mitchell,,800735
Monroe,,1460717
Montgomery,,165072
Morgan,,726761
Murray,,1135982
Muscogee,,9979549
Newton,,2659161
Oconee,,1303729
Oglethorpe,,284740
Paulding,,2362819
Peach,,866050
Pickens,,933288
Pierce,,399902
Pike,,286221
Polk,,1176959
Pulaski,,274112
Putnam,,485620
Quitman,,37303
Rabun,,492062
Randolph,,189062
Richmond,,11562741
Rockdale,,3541223
Schley,,103766
Screven,,297373
Seminole,,309401
Spalding,,1977588
Stephens,,906789
Stewart,,135268
Sumter,,1082016
Talbot,,136392
Taliaferro,,34992
Tattnall,,619458
Taylor,,211859
Telfair,,311806
Terrell,,249511
Thomas,,2025308
Tift,,1855637
Toombs,,946507
Towns,,324641
Treutlen,,115116
Troup,,3307080
Turner,,223387
Twiggs,,287290
Union,,664241
Upson,,677373
Walker,,1398073
Walton,,2274939
Ware,,1430432
Warren,,182140
Washington,,599327
Wayne,,824104
Webster,,58776
Wheeler,,108174
White,,706895
Whitfield,,5214359
Wilcox,,170974
Wilkes,,345622
Wilkinson,,535277
Worth,,382486
,,
Hawaii,,82471416
Hawaii,,8221411
Honolulu,,61094332
Kauai,,3829072
Maui,,9328861
,,
Idaho,,74937087
Ada,,26471383
Adams,,118199
Bannock,,2814614
Bear,,194227
Benewah,,310410
Bingham,,1359110
Blaine,,1422835
Boise,,228762
Bonner,,1388760
Bonneville,,5215234
Boundary,,347973
Butte,,1098397
Camas,,67036
Canyon,,5843416
Caribou,,499326
Cassia,,1721321
Clark,,50376
Clearwater,,319934
Custer,,182645
Elmore,,1308385
Franklin,,370393
Fremont,,386867
Gem,,349651
Gooding,,1366367
Idaho,,439444
Jefferson,,790400
Jerome,,1318937
Kootenai,,5789257
Latah,,1294709
Lemhi,,259431
Lewis,,149975
Lincoln,,332155
Madison,,1185464
Minidoka,,822203
Nez,,2016126
Oneida,,131296
Owyhee,,475953
Payette,,781605
Power,,415704
Shoshone,,452956
Teton,,322408
Twin,,3582530
Valley,,486230
Washington,,413942
,,
Illinois,,773135522
Adams,,3355565
Alexander,,180503
Bond,,506827
Boone,,1685685
Brown,,463876
Bureau,,1328246
Calhoun,,100333
Carroll,,619998
Cass,,628081
Champaign,,10222595
Christian,,1484482
Clark,,570541
Clay,,556479
Clinton,,1025829
Coles,,2334593
Cook,,366932993
Crawford,,2062806
Cumberland,,1338737
DeKalb,,3779934
De,,1138688
Douglas,,1079873
DuPage,,83828491
Edgar,,790466
Edwards,,293642
Effingham,,2031677
Fayette,,569001
Ford,,640573
Franklin,,1081495
Fulton,,963407
Gallatin,,218919
Greene,,327960
Grundy,,3710386
Hamilton,,360548
Hancock,,571667
Hardin,,82211
Henderson,,189829
Henry,,1476114
Iroquois,,1149692
Jackson,,2434312
Jasper,,486269
Jefferson,,1880802
Jersey,,516848
Jo,,783014
Johnson,,223155
Kane,,23469101
Kankakee,,5608505
Kendall,,3008434
Knox,,1736634
Lake,,53778183
LaSalle,,5410182
Lawrence,,566681
Lee,,1599521
Livingston,,1862479
Logan,,1025379
McDonough,,1116077
McHenry,,10296845
McLean,,13778419
Macon,,6399861
Macoupin,,1222824
Madison,,12150589
Marion,,1310886
Marshall,,377563
Mason,,500812
Massac,,580312
Menard,,239807
Mercer,,433107
Monroe,,884223
Montgomery,,1106194
Morgan,,1505562
Moultrie,,788685
Ogle,,2580522
Peoria,,12322562
Perry,,595610
Piatt,,510080
Pike,,552775
Pope,,63504
Pulaski,,199669
Putnam,,361799
Randolph,,1434433
Richland,,617567
Rock,,9689097
St.Clair,,11136578
Saline,,858027
Sangamon,,10702860
Schuyler,,263666
Scott,,164274
Shelby,,809421
Stark,,207505
Stephenson,,1755957
Tazewell,,5549702
Union,,413050
Vermilion,,3202651
Wabash,,362876
Warren,,819600
Washington,,888830
Wayne,,480779
White,,591775
Whiteside,,2120737
Will,,30143384
Williamson,,2776828
Winnebago,,13156636
Woodford,,1099003
,,
Indiana,,337636057
Adams,,1685187
Allen,,20063027
Bartholomew,,6045053
Benton,,461815
Blackford,,301776
Boone,,3061062
Brown,,254107
Carroll,,657963
Cass,,1300004
Clark,,4861806
Clay,,735260
Clinton,,1466509
Crawford,,171390
Daviess,,1241003
Dearborn,,1692682
Decatur,,1527252
DeKalb,,2444566
Delaware,,3759995
Dubois,,2527822
Elkhart,,14500980
Fayette,,560184
Floyd,,2711632
Fountain,,474171
Franklin,,547209
Fulton,,659158
Gibson,,3343492
Grant,,2248065
Greene,,643020
Hamilton,,17132223
Hancock,,2753013
Harrison,,1000154
Hendricks,,5979898
Henry,,1251201
Howard,,3954647
Huntington,,1378556
Jackson,,2262448
Jasper,,1459915
Jay,,952596
Jefferson,,1400089
Jennings,,706193
Johnson,,4866188
Knox,,1833730
Kosciusko,,4686316
Lagrange,,1824967
Lake,,24435380
LaPorte,,3893649
Lawrence,,1323599
Madison,,3508789
Marion,,84088746
Marshall,,1550355
Martin,,1019304
Miami,,940226
Monroe,,6157213
Montgomery,,1594289
Morgan,,1617605
Newton,,341366
Noble,,1747811
Ohio,,108080
Orange,,601921
Owen,,487096
Parke,,326589
Perry,,758889
Pike,,689383
Porter,,7038578
Posey,,2877731
Pulaski,,620684
Putnam,,1032381
Randolph,,737625
Ripley,,1062334
Rush,,627561
St.Joseph,,12972569
Scott,,663104
Shelby,,1842441
Spencer,,1027595
Starke,,422624
Steuben,,1324266
Sullivan,,918148
Switzerland,,197802
Tippecanoe,,9040396
Tipton,,555250
Union,,133439
Vanderburgh,,10292671
Vermillion,,736253
Vigo,,4377484
Wabash,,1164169
Warren,,243958
Warrick,,2210607
Washington,,601931
Wayne,,2607536
Wells,,1144565
White,,944621
Whitley,,1499387
,,
Iowa,,173515422
Adair,,409441
Adams,,248585
Allamakee,,601573
Appanoose,,380440
Audubon,,333982
Benton,,831865
Black,,6954188
Boone,,934453
Bremer,,1064512
Buchanan,,782371
Buena,,1255549
Butler,,448850
Calhoun,,463769
Carroll,,1386935
Cass,,616163
Cedar,,623663
Cerro,,2401592
Cherokee,,732258
Chickasaw,,697823
Clarke,,393048
Clay,,1003867
Clayton,,879140
Clinton,,2153256
Crawford,,837082
Dallas,,4499385
Davis,,251106
Decatur,,205825
Delaware,,952657
Des,,2061896
Dickinson,,904689
Dubuque,,5712534
Emmet,,414613
Fayette,,779277
Floyd,,824187
Franklin,,644022
Fremont,,306827
Greene,,493118
Grundy,,524936
Guthrie,,469367
Hamilton,,889079
Hancock,,789651
Hardin,,899909
Harrison,,432495
Henry,,876317
Howard,,491110
Humboldt,,464899
Ida,,485383
Iowa,,1071156
Jackson,,615545
Jasper,,1099820
Jefferson,,655566
Johnson,,8084987
Jones,,613595
Keokuk,,367517
Kossuth,,1013375
Lee,,1652597
Linn,,15469738
Louisa,,641515
Lucas,,305660
Lyon,,998293
Madison,,376103
Mahaska,,904406
Marion,,1787982
Marshall,,1788347
Mills,,529601
Mitchell,,743696
Monona,,341649
Monroe,,416550
Montgomery,,416096
Muscatine,,2442328
O'Brien,,964234
Osceola,,469782
Page,,574889
Palo,,615505
Plymouth,,1490450
Pocahontas,,622077
Polk,,38100157
Pottawattamie,,4119417
Poweshiek,,1072844
Ringgold,,204407
Sac,,575534
Scott,,8420464
Shelby,,711394
Sioux,,2524724
Story,,4900452
Tama,,665990
Taylor,,255848
Union,,565342
Van,,226283
Wapello,,1545785
Warren,,1079783
Washington,,1163044
Wayne,,232978
Webster,,1987435
Winnebago,,428777
Winneshiek,,1004871
Woodbury,,4756524
Worth,,310833
Wright,,760324
,,
Kansas,,160059345
Allen,,533193
Anderson,,260103
Atchison,,670701
Barber,,234775
Barton,,1221797
Bourbon,,622350
Brown,,505363
Butler,,2687151
Chase,,127796
Chautauqua,,87196
Cherokee,,730178
Cheyenne,,149359
Clark,,204696
Clay,,296604
Cloud,,373004
Coffey,,771798
Comanche,,71271
Cowley,,1339143
Crawford,,1523287
Decatur,,159594
Dickinson,,663593
Doniphan,,282870
Douglas,,4455949
Edwards,,196379
Elk,,80653
Ellis,,1570630
Ellsworth,,280500
Finney,,2162798
Ford,,2041339
Franklin,,873242
Geary,,2538211
Gove,,196710
Graham,,155301
Grant,,611744
Gray,,714983
Greeley,,170753
Greenwood,,187031
Hamilton,,283231
Harper,,349838
Harvey,,1194597
Haskell,,468469
Hodgeman,,146884
Jackson,,366963
Jefferson,,378304
Jewell,,157245
Johnson,,43766958
Kearny,,268968
Kingman,,305353
Kiowa,,148310
Labette,,820804
Lane,,161891
Leavenworth,,2594620
Lincoln,,114840
Linn,,437776
Logan,,175293
Lyon,,1342271
McPherson,,2381864
Marion,,433625
Marshall,,531862
Meade,,283952
Miami,,880557
Mitchell,,423902
Montgomery,,1755404
Morris,,204122
Morton,,159682
Nemaha,,448478
Neosho,,587629
Ness,,202328
Norton,,249937
Osage,,290622
Osborne,,190022
Ottawa,,135091
Pawnee,,322578
Phillips,,440451
Pottawatomie,,1166518
Pratt,,620797
Rawlins,,145369
Reno,,2373024
Republic,,231947
Rice,,530615
Riley,,2416723
Rooks,,232675
Rush,,159378
Russell,,326670
Saline,,2725937
Scott,,451398
Sedgwick,,29339125
Seward,,1268805
Shawnee,,9380700
Sheridan,,163872
Sherman,,291168
Smith,,180336
Stafford,,209092
Stanton,,206652
Stevens,,323262
Sumner,,746505
Thomas,,553045
Trego,,189345
Wabaunsee,,142171
Wallace,,116960
Washington,,258862
Wichita,,303624
Wilson,,340856
Woodson,,92135
Wyandotte,,11106454
,,
Kentucky,,190811450
Adair,,350924
Allen,,468656
Anderson,,518067
Ballard,,195157
Barren,,1391989
Bath,,185101
Bell,,733426
Boone,,10548510
Bourbon,,1085975
Boyd,,4271296
Boyle,,1143320
Bracken,,141552
Breathitt,,220539
Breckinridge,,327520
Bullitt,,2258316
Butler,,300770
Caldwell,,380279
Calloway,,1255328
Campbell,,3152727
Carlisle,,151739
Carroll,,1775558
Carter,,461922
Casey,,319139
Christian,,5324394
Clark,,1375743
Clay,,326139
Clinton,,309633
Crittenden,,198963
Cumberland,,154124
Daviess,,4216860
Edmonson,,156737
Elliott,,71983
Estill,,198947
Fayette,,18340392
Fleming,,281784
Floyd,,1045510
Franklin,,2781698
Fulton,,192760
Gallatin,,363971
Garrard,,222103
Grant,,466503
Graves,,1178673
Grayson,,622263
Green,,154451
Greenup,,836397
Hancock,,913052
Hardin,,4666262
Harlan,,551647
Harrison,,505882
Hart,,521198
Henderson,,1968621
Henry,,324823
Hickman,,191609
Hopkins,,1704465
Jackson,,158872
Jefferson,,49342960
Jessamine,,1855095
Johnson,,418456
Kenton,,7088145
Knott,,231109
Knox,,585937
Larue,,200148
Laurel,,1965279
Lawrence,,325044
Lee,,129669
Leslie,,168978
Letcher,,356506
Lewis,,178381
Lincoln,,354083
Livingston,,263382
Logan,,1199843
Lyon,,193352
McCracken,,3974274
McCreary,,238737
McLean,,289864
Madison,,2808489
Magoffin,,145734
Marion,,835472
Marshall,,1258138
Martin,,253396
Mason,,1004716
Meade,,446304
Menifee,,83209
Mercer,,792357
Metcalfe,,177007
Monroe,,286813
Montgomery,,904888
Morgan,,235576
Muhlenberg,,1208144
Nelson,,1467849
Nicholas,,85399
Ohio,,892304
Oldham,,1729118
Owen,,188324
Owsley,,50767
Pendleton,,252879
Perry,,950187
Pike,,1966363
Powell,,194671
Pulaski,,2038524
Robertson,,24009
Rockcastle,,310444
Rowan,,681802
Russell,,587121
Scott,,3011198
Shelby,,1519092
Simpson,,869792
Spencer,,215026
Taylor,,832914
Todd,,321296
Trigg,,245179
Trimble,,459132
Union,,744841
Warren,,5625220
Washington,,318903
Wayne,,388737
Webster,,536653
Whitley,,990942
Wolfe,,95279
Woodford,,1153462
,,
Louisiana,,239967199
Acadia,,1520519
Allen,,654503
Ascension,,7977395
Assumption,,456748
Avoyelles,,899901
Beauregard,,986943
Bienville,,764845
Bossier,,5215747
Caddo,,12607449
Calcasieu,,15722861
Caldwell,,187505
Cameron,,1234787
Catahoula,,197122
Claiborne,,489776
Concordia,,580231
De,,4064627
East,,36124993
East,,191356
East,,493325
Evangeline,,883046
Franklin,,573058
Grant,,351420
Iberia,,3143178
Iberville,,1651515
Jackson,,492622
Jefferson,,21803194
Jefferson,,903472
Lafayette,,12873679
Lafourche,,3905961
LaSalle,,515176
Lincoln,,2109079
Livingston,,2550513
Madison,,439183
Morehouse,,642816
Natchitoches,,1350515
Orleans,,22275300
Ouachita,,6607609
Plaquemines,,4014541
Pointe,,766277
Rapides,,5224167
Red,,1329733
Richland,,567808
Sabine,,854982
St.Bernard,,2737373
St.Charles,,8218870
St.Helena,,153705
St.James,,3475449
St.John,,4175207
St.Landry,,2438557
St.Martin,,1178673
St.Mary,,2316761
St.Tammany,,10740563
Tangipahoa,,3826831
Tensas,,164853
Terrebonne,,5253224
Union,,501417
Vermilion,,1648309
Vernon,,1837042
Washington,,1053948
Webster,,1084321
West,,2293199
West,,202246
West,,844398
Winn,,455336
,,
Maine,,58793333
Androscoggin,,4317875
Aroostook,,2493167
Cumberland,,19823294
Franklin,,1032713
Hancock,,2214481
Kennebec,,5242984
Knox,,1596282
Lincoln,,1060260
Oxford,,1634455
Penobscot,,6033967
Piscataquis,,545330
Sagadahoc,,1505212
Somerset,,1609801
Waldo,,1190328
Washington,,1035191
York,,7457213
,,
Maryland,,374039254
Allegany,,2921129
Anne,,45918049
Baltimore,,51824165
Calvert,,4161824
Caroline,,1360553
Carroll,,5956989
Cecil,,4630750
Charles,,5118657
Dorchester,,1270180
Frederick,,12408352
Garrett,,1292477
Harford,,12067932
Howard,,24662356
Kent,,939163
Montgomery,,84895717
Prince,,42073965
Queen,,1787711
St.,,6806268
Somerset,,893635
Talbot,,1966907
Washington,,6871045
Wicomico,,4937014
Worcester,,2862443
Baltimore,,46420459
,,
Massachusetts,,519961639
Barnstable,,13587539
Berkshire,,6649401
Bristol,,25348582
Dukes,,1983472
Essex,,43828344
Franklin,,2890056
Hampden,,20988224
Hampshire,,7299058
Middlesex,,163489036
Nantucket,,2052716
Norfolk,,51270244
Plymouth,,25102280
Suffolk,,114696871
Worcester,,40840078
,,
Michigan,,471648116
Alcona,,224122
Alger,,226329
Allegan,,4022455
Alpena,,1026392
Antrim,,533730
Arenac,,429490
Baraga,,239962
Barry,,1501106
Bay,,3323417
Benzie,,425467
Berrien,,7043241
Branch,,1308754
Calhoun,,5848265
Cass,,1059521
Charlevoix,,1110353
Cheboygan,,603871
Chippewa,,1064432
Clare,,935235
Clinton,,2050482
Crawford,,412201
Delta,,1176574
Dickinson,,1232370
Eaton,,4876632
Emmet,,1620360
Genesee,,14994994
Gladwin,,471364
Gogebic,,447700
Grand,,4648972
Gratiot,,1315990
Hillsdale,,1421987
Houghton,,1036686
Huron,,1642311
Ingham,,15335990
Ionia,,1528792
Iosco,,828349
Iron,,309953
Isabella,,2187561
Jackson,,5684311
Kalamazoo,,12819078
Kalkaska,,505887
Kent,,38854663
Keweenaw,,48771
Lake,,213636
Lapeer,,2086670
Leelanau,,689264
Lenawee,,2707924
Livingston,,6454115
Luce,,152079
Mackinac,,419156
Macomb,,36676006
Manistee,,717935
Marquette,,2944373
Mason,,993763
Mecosta,,1132371
Menominee,,726270
Midland,,4962643
Missaukee,,492220
Monroe,,5387072
Montcalm,,1499535
Montmorency,,305444
Muskegon,,5857270
Newaygo,,1415438
Oakland,,95044159
Oceana,,669523
Ogemaw,,557933
Ontonagon,,125873
Osceola,,706600
Oscoda,,204586
Otsego,,964471
Ottawa,,13165723
Presque,,364070
Roscommon,,589237
Saginaw,,7665760
St.Clair,,4844169
St.Joseph,,1889119
Sanilac,,1315242
Schoolcraft,,292604
Shiawassee,,1573326
Tuscola,,1210428
Van,,2638934
Washtenaw,,22430838
Wayne,,91992838
Wexford,,1171921
,,
Minnesota,,341041426
Aitkin,,448562
Anoka,,13926256
Becker,,1380383
Beltrami,,1663946
Benton,,1672939
Big,,227714
Blue,,3904767
Brown,,1525918
Carlton,,1188386
Carver,,4877571
Cass,,957995
Chippewa,,648647
Chisago,,1446831
Clay,,1869286
Clearwater,,274921
Cook,,247145
Cottonwood,,710828
Crow,,2504756
Dakota,,25815161
Dodge,,681047
Douglas,,1832801
Faribault,,588959
Fillmore,,705316
Freeborn,,1260817
Goodhue,,2850139
Grant,,282218
Hennepin,,125835824
Houston,,577214
Hubbard,,652253
Isanti,,1036423
Itasca,,2081915
Jackson,,719701
Kanabec,,375374
Kandiyohi,,2266679
Kittson,,188376
Koochiching,,518855
Lac,,317095
Lake,,707586
Lake,,175830
Le,,1026787
Lincoln,,381329
Lyon,,1585216
McLeod,,1720342
Mahnomen,,158620
Marshall,,330811
Martin,,1200781
Meeker,,846198
Mille,,766045
Morrison,,1223822
Mower,,1778847
Murray,,633492
Nicollet,,1540170
Nobles,,1404059
Norman,,195722
Olmsted,,10750877
Otter,,2340334
Pennington,,1479503
Pine,,646826
Pipestone,,790096
Polk,,1221554
Pope,,544834
Ramsey,,39364182
Red,,150058
Redwood,,907097
Renville,,826851
Rice,,2603069
Rock,,802253
Roseau,,1206687
St.Louis,,10964968
Scott,,6074577
Sherburne,,3107519
Sibley,,471010
Stearns,,8149046
Steele,,2231122
Stevens,,682666
Swift,,535232
Todd,,852304
Traverse,,227202
Wabasha,,756510
Wadena,,513631
Waseca,,806165
Washington,,10371878
Watonwan,,533939
Wilkin,,276138
Winona,,2348292
Wright,,4158575
Yellow,,595988
,,
Mississippi,,102656400
Adams,,911665
Alcorn,,1111411
Amite,,238048
Attala,,431951
Benton,,230407
Bolivar,,990380
Calhoun,,259860
Carroll,,116847
Chickasaw,,509946
Choctaw,,623843
Claiborne,,687937
Clarke,,283323
Clay,,525372
Coahoma,,685522
Copiah,,572122
Covington,,594969
DeSoto,,5023485
Forrest,,3262353
Franklin,,168862
George,,402044
Greene,,148158
Grenada,,833077
Hancock,,1512690
Harrison,,7841008
Hinds,,11066328
Holmes,,272114
Humphreys,,184049
Issaquena,,27469
Itawamba,,512345
Jackson,,7502028
Jasper,,567192
Jefferson,,118147
Jefferson,,184291
Jones,,2581945
Kemper,,339381
Lafayette,,1877682
Lamar,,1477234
Lauderdale,,2984772
Lawrence,,324355
Leake,,535217
Lee,,4562016
Leflore,,1101331
Lincoln,,1094620
Lowndes,,2703896
Madison,,5564542
Marion,,811934
Marshall,,632678
Monroe,,901150
Montgomery,,187983
Neshoba,,977928
Newton,,483969
Noxubee,,233520
Oktibbeha,,1585930
Panola,,1029539
Pearl,,926435
Perry,,270885
Pike,,1061494
Pontotoc,,857098
Prentiss,,551159
Quitman,,97378
Rankin,,5856109
Scott,,1118116
Sharkey,,100091
Simpson,,547518
Smith,,426526
Stone,,320083
Sunflower,,623241
Tallahatchie,,271777
Tate,,465909
Tippah,,529468
Tishomingo,,489187
Tunica,,499243
Union,,1012815
Walthall,,272712
Warren,,2167962
Washington,,1388604
Wayne,,652728
Webster,,172228
Wilkinson,,140246
Winston,,504568
Yalobusha,,267484
Yazoo,,694994
,,
Missouri,,287659313
Adair,,765086
Andrew,,304685
Atchison,,356830
Audrain,,941826
Barry,,1417048
Barton,,341905
Bates,,412091
Benton,,386339
Bollinger,,188667
Boone,,8490334
Buchanan,,4732176
Butler,,1345165
Caldwell,,215807
Callaway,,1700717
Camden,,1392720
Cape,,3779355
Carroll,,390466
Carter,,116530
Cass,,2351339
Cedar,,255523
Chariton,,314351
Christian,,1485142
Clark,,156113
Clay,,10874943
Clinton,,364674
Cole,,4561638
Cooper,,425288
Crawford,,633102
Dade,,185151
Dallas,,253147
Daviess,,205509
DeKalb,,306599
Dent,,343108
Douglas,,210978
Dunklin,,774877
Franklin,,4190570
Gasconade,,445427
Gentry,,255835
Greene,,14915199
Grundy,,361548
Harrison,,259849
Henry,,665048
Hickory,,137917
Holt,,260778
Howard,,224926
Howell,,1176686
Iron,,436639
Jackson,,42560378
Jasper,,5262399
Jefferson,,4451284
Johnson,,1663714
Knox,,141143
Laclede,,1144863
Lafayette,,782864
Lawrence,,839042
Lewis,,227766
Lincoln,,1085666
Linn,,410056
Livingston,,559216
McDonald,,637328
Macon,,586128
Madison,,280534
Maries,,168144
Marion,,1100481
Mercer,,123803
Miller,,659978
Mississippi,,368253
Moniteau,,380527
Monroe,,203706
Montgomery,,322276
Morgan,,476222
New,,1056171
Newton,,1886589
Nodaway,,702044
Oregon,,209832
Osage,,405815
Ozark,,133899
Pemiscot,,459684
Perry,,946198
Pettis,,1594625
Phelps,,1454887
Pike,,506110
Platte,,6326768
Polk,,758232
Pulaski,,2072099
Putnam,,141364
Ralls,,400620
Randolph,,1170909
Ray,,499505
Reynolds,,243448
Ripley,,211555
St.Charles,,15105267
St.Clair,,153668
Ste.,,574344
St.Francois,,1565796
St.Louis,,72235760
Saline,,897440
Schuyler,,105908
Scotland,,155301
Scott,,1497410
Shannon,,149430
Shelby,,166087
Stoddard,,945410
Stone,,636661
Sullivan,,382520
Taney,,2208252
Texas,,539124
Vernon,,877897
Warren,,734299
Washington,,348935
Wayne,,208108
Webster,,654813
Worth,,73353
Wright,,326760
St.LouisCity,,27095648
,,
Montana,,47916340
Beaverhead,,450242
Big,,1120386
Blaine,,213355
Broadwater,,190269
Carbon,,342474
Carter,,56068
Cascade,,3635635
Chouteau,,276002
Custer,,448657
Daniels,,88666
Dawson,,392007
Deer,,258034
Fallon,,213047
Fergus,,508946
Flathead,,3779150
Gallatin,,5448923
Garfield,,42570
Glacier,,467607
Golden,,29900
Granite,,92319
Hill,,772813
Jefferson,,264319
Judith,,136722
Lake,,744908
Lewis,,3170432
Liberty,,233894
Lincoln,,497121
McCone,,99531
Madison,,454009
Meagher,,74248
Mineral,,94908
Missoula,,5042539
Musselshell,,358031
Park,,524179
Petroleum,,22870
Phillips,,133896
Pondera,,258446
Powder,,115868
Powell,,223885
Prairie,,51960
Ravalli,,1009474
Richland,,962748
Roosevelt,,425354
Rosebud,,903677
Sanders,,309200
Sheridan,,165659
Silver,,1427644
Stillwater,,698282
Sweet,,230528
Teton,,285527
Toole,,384508
Treasure,,126328
Valley,,303160
Wheatland,,105590
Wibaux,,41099
Yellowstone,,9037173
,,
Nebraska,,117395222
Adams,,1837838
Antelope,,526858
Arthur,,26511
Banner,,57248
Blaine,,42159
Boone,,448508
Box,,629478
Boyd,,145884
Brown,,262447
Buffalo,,2705563
Burt,,356159
Butler,,301858
Cass,,742129
Cedar,,410196
Chase,,351207
Cherry,,348240
Cheyenne,,528070
Clay,,324175
Colfax,,662562
Cuming,,1061995
Custer,,790653
Dakota,,1415362
Dawes,,273401
Dawson,,1512022
Deuel,,86030
Dixon,,267450
Dodge,,1864024
Douglas,,43360593
Dundy,,212942
Fillmore,,386065
Franklin,,84373
Frontier,,92701
Furnas,,235566
Gage,,921230
Garden,,90278
Garfield,,83487
Gosper,,102223
Grant,,40289
Greeley,,100206
Hall,,3295265
Hamilton,,630019
Harlan,,248504
Hayes,,79083
Hitchcock,,119515
Holt,,699543
Hooker,,41413
Howard,,250456
Jefferson,,424202
Johnson,,177686
Kearney,,375068
Keith,,394058
Keya,,47057
Kimball,,173552
Knox,,410603
Lancaster,,17196581
Lincoln,,2230091
Logan,,40504
Loup,,51684
McPherson,,31433
Madison,,2233309
Merrick,,424024
Morrill,,647043
Nance,,132587
Nemaha,,690637
Nuckolls,,270982
Otoe,,1191884
Pawnee,,112773
Perkins,,311942
Phelps,,898927
Pierce,,349152
Platte,,2369433
Polk,,298488
Red,,516301
Richardson,,385610
Rock,,106470
Saline,,860894
Sarpy,,6996704
Saunders,,730108
Scotts,,1640471
Seward,,724661
Sheridan,,275177
Sherman,,108612
Sioux,,92137
Stanton,,269759
Thayer,,391909
Thomas,,45228
Thurston,,417458
Valley,,286551
Washington,,1084442
Wayne,,414375
Webster,,292114
Wheeler,,174001
York,,765383
,,
Nevada,,153728626
Churchill,,1102051
Clark,,110102880
Douglas,,2384536
Elko,,2732832
Esmeralda,,42948
Eureka,,1433020
Humboldt,,1270518
Lander,,864197
Lincoln,,156813
Lyon,,1431130
Mineral,,210009
Nye,,1688994
Pershing,,311813
Storey,,1731617
Washoe,,24111788
White,,658795
Carson,,3351143
,,
New,,77240336
Belknap,,2636577
Carroll,,2051584
Cheshire,,3506538
Coos,,1164452
Grafton,,6193813
Hillsborough,,25687589
Merrimack,,9123881
Rockingham,,19908196
Strafford,,5481378
Sullivan,,1496081
,,
New,,556730956
Atlantic,,12593490
Bergen,,70158193
Burlington,,25725252
Camden,,23558717
Cape,,5070716
Cumberland,,6007622
Essex,,52070494
Gloucester,,14017096
Hudson,,43847173
Hunterdon,,6820939
Mercer,,31467636
Middlesex,,57745463
Monmouth,,32123913
Morris,,49285606
Ocean,,18511055
Passaic,,20744966
Salem,,4729720
Somerset,,38123619
Sussex,,4438507
Union,,35935725
Warren,,3911548
,,
New,,98765726
Bernalillo,,34271103
Catron,,82383
Chaves,,2150307
Cibola,,616921
Colfax,,469464
Curry,,2931973
De,,87570
Do–a,,6858097
Eddy,,10669709
Grant,,1119613
Guadalupe,,143684
Harding,,104726
Hidalgo,,210430
Lea,,9291716
Lincoln,,618040
Los,,2247823
Luna,,807091
McKinley,,2442637
Mora,,102207
Otero,,2570871
Quay,,296499
Rio,,1411689
Roosevelt,,707910
Sandoval,,3195392
SanJuan,,5907349
SanMiguel,,620243
Santa,,5977058
Sierra,,306064
Socorro,,490809
Taos,,927558
Torrance,,400641
Union,,252761
Valencia,,1382748
,,
New,,1490678506
Albany,,29266237
Allegany,,1399890
Bronx,,43747638
Broome,,8853738
Cattaraugus,,2836142
Cayuga,,2735905
Chautauqua,,4805586
Chemung,,3627023
Chenango,,2195088
Clinton,,3512019
Columbia,,2189577
Cortland,,1763836
Delaware,,1968259
Dutchess,,12795732
Erie,,53934431
Essex,,1513993
Franklin,,1847700
Fulton,,1856429
Genesee,,2416187
Greene,,2139990
Hamilton,,204066
Herkimer,,1787691
Jefferson,,5873301
Kings,,93907140
Lewis,,1027075
Livingston,,2097619
Madison,,2255700
Monroe,,43139246
Montgomery,,1898461
Nassau,,84577529
New,,635274518
Niagara,,9096598
Oneida,,10738937
Onondaga,,29287721
Ontario,,5565363
Orange,,16943328
Orleans,,1256696
Oswego,,6190346
Otsego,,2515452
Putnam,,3247136
Queens,,95547729
Rensselaer,,7541296
Richmond,,15117375
Rockland,,15388205
St.Lawrence,,4444915
Saratoga,,10512537
Schenectady,,8076555
Schoharie,,1062684
Schuyler,,504894
Seneca,,1496345
Steuben,,4280609
Suffolk,,82540571
Sullivan,,2807164
Tioga,,1793763
Tompkins,,5495122
Ulster,,6546138
Warren,,4042109
Washington,,1734210
Wayne,,3802074
Westchester,,72597777
Wyoming,,1675101
Yates,,868690
,,
North,,511539864
Alamance,,5623983
Alexander,,774256
Alleghany,,321905
Anson,,785530
Ashe,,707035
Avery,,582638
Beaufort,,2187460
Bertie,,630369
Bladen,,1343102
Brunswick,,4083261
Buncombe,,12799956
Burke,,2525386
Cabarrus,,6840619
Caldwell,,2374194
Camden,,131602
Carteret,,2366766
Caswell,,344408
Catawba,,8402966
Chatham,,1500826
Cherokee,,679917
Chowan,,604087
Clay,,219075
Cleveland,,4034485
Columbus,,1421895
Craven,,4650416
Cumberland,,16034887
Currituck,,640153
Dare,,2170994
Davidson,,4512771
Davie,,1251143
Duplin,,1990950
Durham,,32944829
Edgecombe,,1633606
Forsyth,,23220946
Franklin,,1745090
Gaston,,7051440
Gates,,169744
Graham,,220230
Granville,,3089433
Greene,,481319
Guilford,,31944560
Halifax,,1409282
Harnett,,2284646
Haywood,,1773953
Henderson,,3637047
Hertford,,777147
Hoke,,974271
Hyde,,157972
Iredell,,7926566
Jackson,,1377794
Johnston,,6872934
Jones,,208304
Lee,,2483237
Lenoir,,2832977
Lincoln,,2682376
McDowell,,1668075
Macon,,1357611
Madison,,397278
Martin,,640195
Mecklenburg,,98066733
Mitchell,,492695
Montgomery,,833728
Moore,,3217766
Nash,,4973995
New,,12020702
Northampton,,587318
Onslow,,8030430
Orange,,8115462
Pamlico,,261854
Pasquotank,,1361606
Pender,,1256637
Perquimans,,257121
Person,,1498681
Pitt,,8645832
Polk,,428954
Randolph,,3924280
Richmond,,1849632
Robeson,,3539649
Rockingham,,2715511
Rowan,,4971797
Rutherford,,1727558
Sampson,,1946959
Scotland,,1118746
Stanly,,1732209
Stokes,,1012554
Surry,,2317293
Swain,,586745
Transylvania,,1203051
Tyrrell,,122157
Union,,6558534
Vance,,1174030
Wake,,76027737
Warren,,283683
Washington,,244716
Watauga,,2020410
Wayne,,4535153
Wilkes,,2230037
Wilson,,4005692
Yadkin,,883086
Yancey,,393823
,,
North,,53930202
Adams,,177990
Barnes,,612311
Benson,,239211
Billings,,209871
Bottineau,,466287
Bowman,,248981
Burke,,226353
Burleigh,,5094810
Cass,,11705258
Cavalier,,448025
Dickey,,424745
Divide,,184144
Dunn,,993983
Eddy,,135512
Emmons,,173759
Foster,,239134
Golden,,84207
Grand,,3789214
Grant,,129060
Griggs,,163954
Hettinger,,91152
Kidder,,157783
LaMoure,,307461
Logan,,149943
McHenry,,266216
McIntosh,,162718
McKenzie,,3365807
McLean,,727586
Mercer,,909956
Morton,,1521085
Mountrail,,1569744
Nelson,,170490
Oliver,,237513
Pembina,,483728
Pierce,,207168
Ramsey,,581324
Ransom,,283596
Renville,,231679
Richland,,823241
Rolette,,384869
Sargent,,716601
Sheridan,,45299
Sioux,,139036
Slope,,44021
Stark,,2632907
Steele,,139811
Stutsman,,1255819
Towner,,140587
Traill,,428221
Walsh,,573679
Ward,,3688743
Wells,,294250
Williams,,5226790
,,
Ohio,,615474375
Adams,,672809
Allen,,7920377
Ashland,,1601253
Ashtabula,,2861784
Athens,,1961428
Auglaize,,2250870
Belmont,,5999449
Brown,,755944
Butler,,20153862
Carroll,,2363506
Champaign,,1052665
Clark,,4327627
Clermont,,7525264
Clinton,,2096089
Columbiana,,3048798
Coshocton,,1318252
Crawford,,1247536
Cuyahoga,,87921020
Darke,,2017773
Defiance,,1681059
Delaware,,10388012
Erie,,4728241
Fairfield,,3881595
Fayette,,2511257
Franklin,,87835114
Fulton,,1945365
Gallia,,2014001
Geauga,,3797778
Greene,,8981586
Guernsey,,3064842
Hamilton,,70337978
Hancock,,5042003
Hardin,,903793
Harrison,,2443305
Henry,,1157779
Highland,,1049283
Hocking,,593361
Holmes,,2286066
Huron,,2080175
Jackson,,953319
Jefferson,,4534029
Knox,,2014995
Lake,,10266470
Lawrence,,1692748
Licking,,5855613
Logan,,1932972
Lorain,,9390379
Lucas,,24555878
Madison,,1697996
Mahoning,,8710965
Marion,,2651009
Medina,,6802952
Meigs,,346034
Mercer,,2360166
Miami,,4051825
Monroe,,3333778
Montgomery,,26973502
Morgan,,284388
Morrow,,612078
Muskingum,,3610907
Noble,,1014267
Ottawa,,1867636
Paulding,,566905
Perry,,690892
Pickaway,,1514579
Pike,,1055613
Portage,,5589312
Preble,,1054613
Putnam,,1153826
Richland,,4370872
Ross,,2587828
Sandusky,,2720589
Scioto,,2804540
Seneca,,1799666
Shelby,,2955928
Stark,,16077936
Summit,,27497738
Trumbull,,6878360
Tuscarawas,,3485612
Union,,3943024
Van,,1223087
Vinton,,255942
Warren,,10501867
Washington,,3349033
Wayne,,5740974
Williams,,1683035
Wood,,6514796
Wyandot,,974843
,,
Oklahoma,,197900359
Adair,,424600
Alfalfa,,256908
Atoka,,289264
Beaver,,422636
Beckham,,1094988
Blaine,,448726
Bryan,,1478085
Caddo,,788060
Canadian,,3978646
Carter,,2804679
Cherokee,,1098009
Choctaw,,351859
Cimarron,,263668
Cleveland,,7137363
Coal,,153461
Comanche,,4525377
Cotton,,158666
Craig,,451144
Creek,,1838545
Custer,,1603291
Delaware,,873483
Dewey,,318272
Ellis,,272970
Garfield,,3201330
Garvin,,1336927
Grady,,1471980
Grant,,426259
Greer,,104806
Harmon,,100617
Harper,,298160
Haskell,,353657
Hughes,,645682
Jackson,,1016251
Jefferson,,123653
Johnston,,342986
Kay,,1636746
Kingfisher,,1134708
Kiowa,,261520
Latimer,,353995
Le,,1352220
Lincoln,,715056
Logan,,645454
Love,,406018
McClain,,958504
McCurtain,,987978
McIntosh,,334852
Major,,365520
Marshall,,403704
Mayes,,1660771
Murray,,501587
Muskogee,,2792407
Noble,,602979
Nowata,,184203
Okfuskee,,210966
Oklahoma,,64387819
Okmulgee,,789620
Osage,,879308
Ottawa,,984750
Pawnee,,363412
Payne,,3064031
Pittsburg,,1746640
Pontotoc,,1803203
Pottawatomie,,1990187
Pushmataha,,205420
Roger,,136108
Rogers,,2826432
Seminole,,681462
Sequoyah,,699209
Stephens,,1521576
Texas,,2073407
Tillman,,220897
Tulsa,,46449223
Wagoner,,1062558
Washington,,8079688
Washita,,240988
Woods,,879146
Woodward,,1116850
,,
Oregon,,225336818
Baker,,621854
Benton,,4457457
Clackamas,,19720314
Clatsop,,1850902
Columbia,,1249316
Coos,,2282327
Crook,,805653
Curry,,633945
Deschutes,,8670438
Douglas,,3494914
Gilliam,,224906
Grant,,251263
Harney,,288772
Hood,,1200084
Jackson,,8612882
Jefferson,,715346
Josephine,,2722587
Klamath,,2395999
Lake,,341019
Lane,,15482217
Lincoln,,1843415
Linn,,4692052
Malheur,,1379311
Marion,,15370750
Morrow,,1613890
Multnomah,,63193837
Polk,,1878937
Sherman,,518432
Tillamook,,1160441
Umatilla,,3232447
Union,,916140
Wallowa,,330086
Wasco,,1276639
Washington,,48463443
Wheeler,,35747
Yamhill,,3481930
,,
Pennsylvania,,726165857
Adams,,3540312
Allegheny,,92984370
Armstrong,,2328167
Beaver,,7071719
Bedford,,1490166
Berks,,18832774
Blair,,5647210
Bradford,,5228988
Bucks,,30617551
Butler,,10129654
Cambria,,4604267
Cameron,,204755
Carbon,,2369488
Centre,,7982602
Chester,,40731215
Clarion,,1221880
Clearfield,,2703853
Clinton,,1586334
Columbia,,2342837
Crawford,,2938151
Cumberland,,14470931
Dauphin,,20895179
Delaware,,32185619
Elk,,1571903
Erie,,10915678
Fayette,,4628835
Forest,,238391
Franklin,,5850275
Fulton,,660057
Greene,,4957694
Huntingdon,,1295869
Indiana,,3990933
Jefferson,,1600933
Juniata,,770906
Lackawanna,,9401088
Lancaster,,26881438
Lawrence,,3037868
Lebanon,,5651715
Lehigh,,21592345
Luzerne,,14843674
Lycoming,,6441988
McKean,,2266746
Mercer,,4198977
Mifflin,,1627135
Monroe,,6350462
Montgomery,,70574860
Montour,,1779351
Northampton,,14044354
Northumberland,,2791884
Perry,,861220
Philadelphia,,109244960
Pike,,1244880
Potter,,1071548
Schuylkill,,4896407
Snyder,,1500567
Somerset,,2576872
Sullivan,,617224
Susquehanna,,5877242
Tioga,,2231570
Union,,1688595
Venango,,1876566
Warren,,1880848
Washington,,14343479
Wayne,,1635492
Westmoreland,,14056279
Wyoming,,2277008
York,,19163414
,,
Rhode,,53667978
Bristol,,1595125
Kent,,8445218
Newport,,5309907
Providence,,32023231
Washington,,6297580
,,
South,,214933685
Abbeville,,604283
Aiken,,6262564
Allendale,,291877
Anderson,,6725559
Bamberg,,332992
Barnwell,,480851
Beaufort,,6894117
Berkeley,,7395746
Calhoun,,585333
Charleston,,28742768
Cherokee,,1721824
Chester,,1151563
Chesterfield,,1474951
Clarendon,,586959
Colleton,,915610
Darlington,,2567760
Dillon,,766478
Dorchester,,3417718
Edgefield,,575538
Fairfield,,948340
Florence,,6893095
Georgetown,,2316755
Greenville,,29970983
Greenwood,,2777218
Hampton,,448266
Horry,,11748427
Jasper,,972648
Kershaw,,1710351
Lancaster,,3983952
Laurens,,2061152
Lee,,348411
Lexington,,11704113
McCormick,,203077
Marion,,597293
Marlboro,,771535
Newberry,,1397645
Oconee,,3675491
Orangeburg,,2736842
Pickens,,3743723
Richland,,23253385
Saluda,,428915
Spartanburg,,14674876
Sumter,,3988373
Union,,750255
Williamsburg,,750009
York,,10669603
,,
South,,47559727
Aurora,,85752
Beadle,,905832
Bennett,,98900
Bon,,238502
Brookings,,2140565
Brown,,2115457
Brule,,248560
Buffalo,,104690
Butte,,286968
Campbell,,82387
Charles,,471750
Clark,,188614
Clay,,528343
Codington,,1386052
Corson,,93700
Custer,,211709
Davison,,1123803
Day,,247240
Deuel,,326065
Dewey,,223329
Douglas,,239763
Edmunds,,235143
Fall,,256052
Faulk,,191767
Grant,,559183
Gregory,,162710
Haakon,,110343
Hamlin,,243682
Hand,,172266
Hanson,,150002
Harding,,81386
Hughes,,1138590
Hutchinson,,437712
Hyde,,93086
Jackson,,73430
Jerauld,,145775
Jones,,58904
Kingsbury,,328107
Lake,,577844
Lawrence,,1000282
Lincoln,,2424397
Lyman,,187328
McCook,,260675
McPherson,,119229
Marshall,,312869
Meade,,716817
Mellette,,43866
Miner,,116583
Minnehaha,,15361082
Moody,,341803
Oglala,,313502
Pennington,,4940327
Perkins,,129807
Potter,,142761
Roberts,,333143
Sanborn,,154652
Spink,,399142
Stanley,,135232
Sully,,116725
Todd,,214985
Tripp,,283261
Turner,,364815
Union,,1252167
Walworth,,218811
Yankton,,1118160
Ziebach,,54309
,,
Tennessee,,328406303
Anderson,,4559252
Bedford,,1575861
Benton,,336482
Bledsoe,,193876
Blount,,5221491
Bradley,,4124397
Campbell,,855875
Cannon,,236379
Carroll,,655959
Carter,,1023332
Cheatham,,1076529
Chester,,347909
Claiborne,,745231
Clay,,170841
Cocke,,711296
Coffee,,2610229
Crockett,,527412
Cumberland,,1518969
Davidson,,64615968
Decatur,,313595
DeKalb,,601637
Dickson,,1768940
Dyer,,1630329
Fayette,,1035153
Fentress,,431787
Franklin,,1086684
Gibson,,1414276
Giles,,1067212
Grainger,,378278
Greene,,2242503
Grundy,,229243
Hamblen,,2855639
Hamilton,,22925773
Hancock,,84176
Hardeman,,601509
Hardin,,875062
Hawkins,,1588153
Haywood,,710722
Henderson,,691122
Henry,,1178287
Hickman,,406817
Houston,,140963
Humphreys,,703038
Jackson,,181838
Jefferson,,1346858
Johnson,,367826
Knox,,24481578
Lake,,142718
Lauderdale,,658128
Lawrence,,1003661
Lewis,,266054
Lincoln,,988499
Loudon,,1728112
McMinn,,1935983
McNairy,,581850
Macon,,496447
Madison,,5507977
Marion,,761123
Marshall,,1130637
Maury,,3863999
Meigs,,240893
Monroe,,1294384
Montgomery,,4972614
Moore,,401703
Morgan,,286061
Obion,,1077463
Overton,,512775
Perry,,178960
Pickett,,143380
Polk,,293124
Putnam,,3186385
Rhea,,1793455
Roane,,2374077
Robertson,,2325754
Rutherford,,14643061
Scott,,541473
Sequatchie,,268720
Sevier,,3810138
Shelby,,57885809
Smith,,672376
Stewart,,739742
Sullivan,,6923579
Sumner,,6131331
Tipton,,1053640
Trousdale,,187100
Unicoi,,533131
Union,,279019
Van,,88221
Warren,,1346629
Washington,,5346734
Wayne,,321748
Weakley,,1190248
White,,666824
Williamson,,20490414
Wilson,,4689565
,,
Texas,,1764357169
Anderson,,1910774
Andrews,,4855010
Angelina,,3166166
Aransas,,626686
Archer,,361834
Armstrong,,66613
Atascosa,,4492812
Austin,,1314726
Bailey,,455961
Bandera,,338951
Bastrop,,2023331
Baylor,,172487
Bee,,810426
Bell,,15064785
Bexar,,96048613
Blanco,,333819
Borden,,834111
Bosque,,535444
Bowie,,3360961
Brazoria,,14949708
Brazos,,9631682
Brewster,,367037
Briscoe,,106952
Brooks,,372996
Brown,,1341005
Burleson,,1712129
Burnet,,1450427
Caldwell,,881820
Calhoun,,3518469
Callahan,,293166
Cameron,,10373362
Camp,,320604
Carson,,990779
Cass,,801391
Castro,,891057
Chambers,,2924433
Cherokee,,1412656
Childress,,217615
Clay,,258988
Cochran,,413092
Coke,,137264
Coleman,,225520
Collin,,63204633
Collingsworth,,82121
Colorado,,813840
Comal,,5312024
Comanche,,429433
Concho,,136444
Cooke,,2666057
Coryell,,1536771
Cottle,,81353
Crane,,1089316
Crockett,,1289011
Crosby,,330560
Culberson,,1996602
Dallam,,858312
Dallas,,242958925
Dawson,,879443
Deaf,,1808436
Delta,,118298
Denton,,29822538
DeWitt,,6457833
Dickens,,135138
Dimmit,,5861898
Donley,,153389
Duval,,426024
Eastland,,880569
Ector,,13450355
Edwards,,101129
Ellis,,5663129
El,,29011802
Erath,,1501122
Falls,,381764
Fannin,,804786
Fayette,,1631933
Fisher,,247867
Floyd,,376412
Foard,,55492
Fort,,24909665
Franklin,,429542
Freestone,,1330268
Frio,,1453416
Gaines,,3383184
Galveston,,15757277
Garza,,364030
Gillespie,,913683
Glasscock,,5687309
Goliad,,318048
Gonzales,,5234195
Gray,,1119564
Grayson,,4866248
Gregg,,7455386
Grimes,,1044079
Guadalupe,,5346735
Hale,,1387749
Hall,,75513
Hamilton,,236269
Hansford,,792363
Hardeman,,215102
Hardin,,1421902
Harris,,380947807
Harrison,,4880846
Hartley,,1094330
Haskell,,367442
Hays,,6344096
Hemphill,,940424
Henderson,,1702667
Hidalgo,,19766430
Hill,,960042
Hockley,,2478056
Hood,,2279385
Hopkins,,1486259
Houston,,997036
Howard,,8391331
Hudspeth,,182932
Hunt,,3647103
Hutchinson,,8692809
Irion,,1968555
Jack,,572130
Jackson,,738367
Jasper,,1003561
Jeff,,76554
Jefferson,,21988565
Jim,,211946
Jim,,1722442
Johnson,,6127085
Jones,,438454
Karnes,,12623328
Kaufman,,3172400
Kendall,,1925791
Kenedy,,353086
Kent,,380154
Kerr,,1741955
Kimble,,141703
King,,193454
Kinney,,112499
Kleberg,,1156214
Knox,,165859
Lamar,,2559287
Lamb,,787385
Lampasas,,439732
La,,7667819
Lavaca,,1671655
Lee,,981651
Leon,,943624
Liberty,,2019615
Limestone,,1568325
Lipscomb,,802246
Live,,2533580
Llano,,662458
Loving,,10114468
Lubbock,,12583659
Lynn,,271089
McCulloch,,337154
McLennan,,11475725
McMullen,,3450145
Madison,,858701
Marion,,282579
Martin,,12836342
Mason,,125396
Matagorda,,2130241
Maverick,,1659423
Medina,,932056
Menard,,56296
Midland,,29800548
Milam,,661403
Mills,,179402
Mitchell,,473663
Montague,,988516
Montgomery,,26608080
Moore,,2661614
Morris,,733044
Motley,,33606
Nacogdoches,,2656946
Navarro,,1557660
Newton,,519674
Nolan,,1019287
Nueces,,19396867
Ochiltree,,1474669
Oldham,,339263
Orange,,3551082
Palo,,1071304
Panola,,3093874
Parker,,3998281
Parmer,,1150418
Pecos,,3973700
Polk,,1246897
Potter,,7717554
Presidio,,250526
Rains,,193389
Randall,,3591737
Reagan,,6430657
Real,,68586
Red,,292218
Reeves,,16078286
Refugio,,503454
Roberts,,930064
Robertson,,2844267
Rockwall,,3019931
Runnels,,339181
Rusk,,2797617
Sabine,,255928
SanAugustine,,1238645
SanJacinto,,323726
SanPatricio,,2555679
SanSaba,,174901
Schleicher,,191740
Scurry,,2405286
Shackelford,,298075
Shelby,,1503178
Sherman,,523876
Smith,,10389548
Somervell,,1110367
Starr,,1457195
Stephens,,548501
Sterling,,312247
Stonewall,,271567
Sutton,,368339
Swisher,,658065
Tarrant,,106860255
Taylor,,6079138
Terrell,,162027
Terry,,817722
Throckmorton,,146955
Titus,,1796056
Tom,,5388284
Travis,,112944854
Trinity,,224569
Tyler,,447315
Upshur,,876982
Upton,,8124041
Uvalde,,871238
Val,,1721857
Van,,1167200
Victoria,,4191127
Walker,,2019247
Waller,,2341706
Ward,,5888166
Washington,,1732382
Webb,,12348848
Wharton,,1966231
Wheeler,,944486
Wichita,,5525214
Wilbarger,,781801
Willacy,,535808
Williamson,,20884833
Wilson,,1125583
Winkler,,2377053
Wise,,3505772
Wood,,1725683
Yoakum,,3432549
Young,,893312
Zapata,,861213
Zavala,,1043115
,,
Utah,,168792742
Beaver,,432800
Box,,2433715
Cache,,5135751
Carbon,,997957
Daggett,,175594
Davis,,13874106
Duchesne,,1211768
Emery,,852885
Garfield,,242701
Grand,,590150
Iron,,1740548
Juab,,453773
Kane,,300442
Millard,,809726
Morgan,,266634
Piute,,73881
Rich,,159404
Salt,,86424082
SanJuan,,512921
Sanpete,,829565
Sevier,,1036601
Summit,,3206102
Tooele,,1709909
Uintah,,1881677
Utah,,25899184
Wasatch,,888304
Washington,,5622666
Wayne,,113378
Weber,,10575618
,,
Vermont,,29806164
Addison,,1594564
Bennington,,1564682
Caledonia,,996310
Chittenden,,10471481
Essex,,136293
Franklin,,1890595
Grand,,172336
Lamoille,,1048665
Orange,,745980
Orleans,,968088
Rutland,,2399304
Washington,,3410986
Windham,,2071743
Windsor,,2346065
,,
Virginia,,489168430
Accomack,,1372202
Amelia,,285987
Amherst,,784099
Appomattox,,263553
Arlington,,32564585
Bath,,192342
Bedford,,1897197
Bland,,208390
Botetourt,,1179581
Brunswick,,755023
Buchanan,,1130462
Buckingham,,514768
Caroline,,612103
Charles,,181485
Charlotte,,267497
Chesterfield,,13613556
Clarke,,446041
Craig,,91772
Culpeper,,1639788
Cumberland,,158628
Dickenson,,539758
Essex,,369306
Fauquier,,2482156
Floyd,,347336
Fluvanna,,760396
Franklin,,1364606
Giles,,468317
Gloucester,,838162
Goochland,,2163885
Grayson,,319547
Greene,,389691
Halifax,,1187152
Hanover,,5312349
Henrico,,26814535
Highland,,70766
Isle,,1388560
King,,128022
King,,1708441
King,,440874
Lancaster,,425274
Lee,,444426
Loudoun,,25667853
Louisa,,1891225
Lunenburg,,245376
Madison,,331218
Mathews,,212814
Mecklenburg,,975758
Middlesex,,356519
Nelson,,454028
New,,437886
Northampton,,500015
Northumberland,,412130
Nottoway,,517184
Orange,,1022295
Page,,584260
Patrick,,436033
Powhatan,,672376
Prince,,683240
Pulaski,,1303451
Rappahannock,,288637
Richmond,,275258
Russell,,674822
Scott,,453463
Shenandoah,,1580133
Smyth,,1057409
Stafford,,4967807
Surry,,1025069
Sussex,,355486
Tazewell,,1279280
Warren,,1671763
Westmoreland,,466459
Wythe,,1661828
Independent,,
Alexandria,,13764945
Chesapeake,,9280375
Hampton,,6421553
Newport,,12974306
Norfolk,,20764852
Portsmouth,,5706926
Richmond,,21733731
Roanoke,,6917401
Suffolk,,3474723
Virginia,,19858267
Combination,,
Albemarle,,10712595
Alleghany,,834166
"Augusta,",,4848087
Campbell,,6796229
Carroll,,953607
"Dinwiddie,",,2794471
"Fairfax,",,110392881
Frederick,,5958868
Greensville,,1246958
Henry,,2180392
James,,4566261
Montgomery,,5095291
Pittsylvania,,3460016
Prince,,3727746
Prince,,18476449
Roanoke,,5849904
"Rockbridge,",,1182899
Rockingham,,7194035
Southampton,,733814
Spotsylvania,,5459600
Washington,,3429150
Wise,,1512684
York,,2359742
,,
Washington,,548686658
Adams,,1010251
Asotin,,707109
Benton,,11323770
Chelan,,4356925
Clallam,,2437895
Clark,,20277551
Columbia,,357514
Cowlitz,,4925417
Douglas,,1739697
Ferry,,211241
Franklin,,3835969
Garfield,,162399
Grant,,5676235
Grays,,2591043
Island,,2868204
Jefferson,,1017275
King,,294329768
Kitsap,,12065255
Kittitas,,1713359
Klickitat,,1272857
Lewis,,3280790
Lincoln,,492383
Mason,,1599649
Okanogan,,1492710
Pacific,,739633
Pend,,556693
Pierce,,41492997
SanJuan,,727274
Skagit,,7765443
Skamania,,284565
Snohomish,,46966858
Spokane,,25730384
Stevens,,1143758
Thurston,,12795113
Wahkiakum,,89625
Walla,,3513539
Whatcom,,13808458
Whitman,,2515996
Yakima,,11038340
,,
West,,72340446
Barbour,,407784
Berkeley,,3244322
Boone,,616646
Braxton,,297292
Brooke,,1095839
Cabell,,4541909
Calhoun,,115306
Clay,,113664
Doddridge,,1601958
Fayette,,1000663
Gilmer,,185995
Grant,,402102
Greenbrier,,1087147
Hampshire,,311765
Hancock,,1271713
Hardy,,402682
Harrison,,4427736
Jackson,,947980
Jefferson,,1520740
Kanawha,,9828259
Lewis,,636962
Lincoln,,231284
Logan,,1258694
McDowell,,580812
Marion,,2124956
Marshall,,2694028
Mason,,717766
Mercer,,1575913
Mineral,,753406
Mingo,,648246
Monongalia,,6175149
Monroe,,211319
Morgan,,263526
Nicholas,,593661
Ohio,,3628922
Pendleton,,138000
Pleasants,,466958
Pocahontas,,248977
Preston,,635041
Putnam,,2531645
Raleigh,,2843740
Randolph,,819432
Ritchie,,729053
Roane,,283560
Summers,,194310
Taylor,,524245
Tucker,,275262
Tyler,,697739
Upshur,,694415
Wayne,,1015026
Webster,,155261
Wetzel,,1035574
Wirt,,59268
Wood,,3193334
Wyoming,,537098
,,
Wisconsin,,308044657
Adams,,469877
Ashland,,698745
Barron,,2074086
Bayfield,,418244
Brown,,17284030
Buffalo,,471890
Burnett,,473507
Calumet,,1536304
Chippewa,,2632026
Clark,,1434837
Columbia,,2693651
Crawford,,727314
Dane,,40913972
Dodge,,3434703
Door,,1219263
Douglas,,2085881
Dunn,,1683573
Eau,,5978317
Florence,,111077
Fond,,4903922
Forest,,291383
Grant,,2168531
Green,,1654351
Green,,624630
Iowa,,1068675
Iron,,171183
Jackson,,855422
Jefferson,,3501760
Juneau,,834160
Kenosha,,6397601
Kewaunee,,853881
La,,6857924
Lafayette,,617172
Langlade,,732921
Lincoln,,1456035
Manitowoc,,3806574
Marathon,,8007647
Marinette,,1878676
Marquette,,390257
Menominee,,140286
Milwaukee,,55078475
Monroe,,2290755
Oconto,,978973
Oneida,,1584359
Outagamie,,11639250
Ozaukee,,4980154
Pepin,,258624
Pierce,,1139709
Polk,,1530850
Portage,,3957049
Price,,570007
Racine,,7799437
Richland,,793005
Rock,,6919350
Rusk,,534017
St.,,3633692
Sauk,,3654734
Sawyer,,615139
Shawano,,1320797
Sheboygan,,6735140
Taylor,,855193
Trempealeau,,1285874
Vernon,,1046551
Vilas,,900840
Walworth,,3974747
Washburn,,546439
Washington,,6096248
Waukesha,,27749480
Waupaca,,2010867
Waushara,,634673
Winnebago,,9725443
Wood,,3708760
,,
Wyoming,,39213967
Albany,,1423240
Big,,514045
Campbell,,6108414
Carbon,,1444166
Converse,,1839669
Crook,,296837
Fremont,,1697672
Goshen,,549166
Hot,,271137
Johnson,,423624
Laramie,,5272539
Lincoln,,803058
Natrona,,5602739
Niobrara,,146076
Park,,1373292
Platte,,602539
Sheridan,,1250913
Sublette,,1662822
Sweetwater,,3861073
Teton,,2250191
Uinta,,926327
Washakie,,369344
Weston,,325913
1,,
Source.,,